,Invoice ID,Branch,City,Customer type,Gender,Product line,Unit price,Quantity,Tax 5%,Total,Date,Time,Payment,cogs,gross margin percentage,gross income,Rating,Month
0,750-67-8428,A,Yangon,Member,Female,Health and beauty,74.69,7,26.1415,548.9715,1/5/2019,13:08,Ewallet,522.83,4.761904762,26.1415,9.1,1
3,123-19-1176,A,Yangon,Member,Male,Health and beauty,58.22,8,23.288,489.048,1/27/2019,20:33,Ewallet,465.76,4.761904762,23.288,8.4,1
4,373-73-7910,A,Yangon,Normal,Male,Sports and travel,86.31,7,30.2085,634.3785,2/8/2019,10:37,Ewallet,604.17,4.761904762,30.2085,5.3,2
6,355-53-5943,A,Yangon,Member,Female,Electronic accessories,68.84,6,20.652,433.692,2/25/2019,14:36,Ewallet,413.04,4.761904762,20.652,5.8,2
7,315-22-5665,C,Naypyitaw,Normal,Female,Home and lifestyle,73.56,10,36.78,772.38,2/24/2019,11:38,Ewallet,735.6,4.761904762,36.78,8.0,2
8,665-32-9167,A,Yangon,Member,Female,Health and beauty,36.26,2,3.626,76.146,1/10/2019,17:15,Credit card,72.52,4.761904762,3.626,7.2,1
9,692-92-5582,B,Mandalay,Member,Female,Food and beverages,54.84,3,8.226,172.746,2/20/2019,13:27,Credit card,164.52,4.761904762,8.226,5.9,2
10,351-62-0822,B,Mandalay,Member,Female,Fashion accessories,14.48,4,2.896,60.816,2/6/2019,18:07,Ewallet,57.92,4.761904762,2.896,4.5,2
12,365-64-0515,A,Yangon,Normal,Female,Electronic accessories,46.95,5,11.7375,246.4875,2/12/2019,10:25,Ewallet,234.75,4.761904762,11.7375,7.1,2
13,252-56-2699,A,Yangon,Normal,Male,Food and beverages,43.19,10,21.595,453.495,2/7/2019,16:48,Ewallet,431.9,4.761904762,21.595,8.2,2
15,299-46-1805,B,Mandalay,Member,Female,Sports and travel,93.72,6,28.116,590.436,1/15/2019,16:19,Cash,562.32,4.761904762,28.116,4.5,1
17,765-26-6951,A,Yangon,Normal,Male,Sports and travel,72.61,6,21.783,457.443,1/1/2019,10:39,Credit card,435.66,4.761904762,21.783,6.9,1
18,329-62-1586,A,Yangon,Normal,Male,Food and beverages,54.67,3,8.2005,172.2105,1/21/2019,18:00,Credit card,164.01,4.761904762,8.2005,8.6,1
20,300-71-4605,C,Naypyitaw,Member,Male,Electronic accessories,86.04,5,21.51,451.71,2/25/2019,11:24,Ewallet,430.2,4.761904762,21.51,4.8,2
23,636-48-8204,A,Yangon,Normal,Male,Electronic accessories,34.56,5,8.64,181.44,2/17/2019,11:15,Ewallet,172.8,4.761904762,8.64,9.9,2
26,649-29-6775,B,Mandalay,Normal,Male,Fashion accessories,33.52,1,1.676,35.196,2/8/2019,15:31,Cash,33.52,4.761904762,1.676,6.7,2
28,145-94-9061,B,Mandalay,Normal,Female,Food and beverages,88.36,5,22.09,463.89,1/25/2019,19:48,Cash,441.8,4.761904762,22.09,9.6,1
30,871-79-8483,B,Mandalay,Normal,Male,Fashion accessories,94.13,5,23.5325,494.1825,2/25/2019,19:39,Credit card,470.65,4.761904762,23.5325,4.8,2
31,149-71-6266,B,Mandalay,Member,Male,Sports and travel,78.07,9,35.1315,737.7615,1/28/2019,12:43,Cash,702.63,4.761904762,35.1315,4.5,1
32,640-49-2076,B,Mandalay,Normal,Male,Sports and travel,83.78,8,33.512,703.752,1/10/2019,14:49,Cash,670.24,4.761904762,33.512,5.1,1
34,183-56-6882,C,Naypyitaw,Member,Female,Food and beverages,99.42,4,19.884,417.564,2/6/2019,10:42,Ewallet,397.68,4.761904762,19.884,7.5,2
35,232-16-2483,C,Naypyitaw,Member,Female,Sports and travel,68.12,1,3.406,71.526,1/7/2019,12:28,Ewallet,68.12,4.761904762,3.406,6.8,1
37,272-65-1806,A,Yangon,Normal,Female,Electronic accessories,60.88,9,27.396,575.316,1/15/2019,17:17,Ewallet,547.92,4.761904762,27.396,4.7,1
40,280-35-5823,B,Mandalay,Member,Female,Home and lifestyle,86.72,1,4.336,91.056,1/17/2019,18:45,Ewallet,86.72,4.761904762,4.336,7.9,1
41,554-53-8700,C,Naypyitaw,Member,Male,Home and lifestyle,56.11,2,5.611,117.831,2/2/2019,10:11,Cash,112.22,4.761904762,5.611,6.3,2
42,354-25-5821,B,Mandalay,Member,Female,Sports and travel,69.12,6,20.736,435.456,2/8/2019,13:03,Cash,414.72,4.761904762,20.736,5.6,2
46,370-41-7321,B,Mandalay,Member,Male,Health and beauty,56.69,9,25.5105,535.7205,2/27/2019,17:24,Credit card,510.21,4.761904762,25.5105,8.4,2
47,727-46-3608,B,Mandalay,Member,Female,Food and beverages,20.01,9,9.0045,189.0945,2/6/2019,15:47,Ewallet,180.09,4.761904762,9.0045,4.1,2
48,669-54-1719,B,Mandalay,Member,Male,Electronic accessories,18.93,6,5.679,119.259,2/10/2019,12:45,Credit card,113.58,4.761904762,5.679,8.1,2
50,326-78-5178,C,Naypyitaw,Member,Male,Food and beverages,91.4,7,31.99,671.79,2/3/2019,10:19,Cash,639.8,4.761904762,31.99,9.5,2
51,162-48-8011,A,Yangon,Member,Female,Food and beverages,44.59,5,11.1475,234.0975,2/10/2019,15:10,Cash,222.95,4.761904762,11.1475,8.5,2
53,778-71-5554,C,Naypyitaw,Member,Male,Fashion accessories,15.43,1,0.7715,16.2015,1/25/2019,15:46,Credit card,15.43,4.761904762,0.7715,6.1,1
55,399-46-5918,C,Naypyitaw,Normal,Female,Electronic accessories,85.98,8,34.392,722.232,2/28/2019,19:01,Cash,687.84,4.761904762,34.392,8.2,2
57,635-40-6220,A,Yangon,Normal,Male,Health and beauty,89.6,8,35.84,752.64,2/7/2019,11:28,Ewallet,716.8,4.761904762,35.84,6.6,2
58,817-48-8732,A,Yangon,Member,Female,Home and lifestyle,72.35,10,36.175,759.675,1/20/2019,15:55,Cash,723.5,4.761904762,36.175,5.4,1
60,285-68-5083,C,Naypyitaw,Member,Female,Sports and travel,24.74,3,3.711,77.931,2/15/2019,17:47,Credit card,74.22,4.761904762,3.711,10.0,2
61,803-83-5989,C,Naypyitaw,Normal,Male,Home and lifestyle,55.73,6,16.719,351.099,2/24/2019,10:55,Ewallet,334.38,4.761904762,16.719,7.0,2
62,347-34-2234,B,Mandalay,Member,Female,Sports and travel,55.07,9,24.7815,520.4115,2/3/2019,13:40,Ewallet,495.63,4.761904762,24.7815,10.0,2
64,853-23-2453,B,Mandalay,Member,Male,Health and beauty,75.74,4,15.148,318.108,2/14/2019,14:35,Cash,302.96,4.761904762,15.148,7.6,2
66,838-78-4295,C,Naypyitaw,Normal,Female,Health and beauty,33.47,2,3.347,70.287,2/10/2019,15:43,Ewallet,66.94,4.761904762,3.347,6.7,2
67,109-28-2512,B,Mandalay,Member,Female,Fashion accessories,97.61,6,29.283,614.943,1/7/2019,15:01,Ewallet,585.66,4.761904762,29.283,9.9,1
68,232-11-3025,A,Yangon,Normal,Male,Sports and travel,78.77,10,39.385,827.085,1/24/2019,10:04,Cash,787.7,4.761904762,39.385,6.4,1
69,382-03-4532,A,Yangon,Member,Female,Health and beauty,18.33,1,0.9165,19.2465,2/2/2019,18:50,Cash,18.33,4.761904762,0.9165,4.3,2
70,393-65-2792,C,Naypyitaw,Normal,Male,Food and beverages,89.48,10,44.74,939.54,1/6/2019,12:46,Credit card,894.8,4.761904762,44.74,9.6,1
71,796-12-2025,C,Naypyitaw,Normal,Male,Fashion accessories,62.12,10,31.06,652.26,2/11/2019,16:19,Cash,621.2,4.761904762,31.06,5.9,2
74,287-21-9091,A,Yangon,Normal,Male,Home and lifestyle,74.67,9,33.6015,705.6315,1/22/2019,10:55,Ewallet,672.03,4.761904762,33.6015,9.4,1
75,732-94-0499,C,Naypyitaw,Normal,Female,Electronic accessories,41.65,10,20.825,437.325,1/13/2019,17:04,Credit card,416.5,4.761904762,20.825,5.4,1
76,263-10-3913,C,Naypyitaw,Member,Male,Fashion accessories,49.04,9,22.068,463.428,1/9/2019,14:20,Credit card,441.36,4.761904762,22.068,8.6,1
77,381-20-0914,A,Yangon,Member,Female,Fashion accessories,20.01,9,9.0045,189.0945,1/12/2019,15:48,Credit card,180.09,4.761904762,9.0045,5.7,1
79,756-01-7507,C,Naypyitaw,Normal,Female,Health and beauty,20.38,5,5.095,106.995,1/22/2019,18:56,Cash,101.9,4.761904762,5.095,6.0,1
80,870-72-4431,C,Naypyitaw,Normal,Female,Health and beauty,99.19,6,29.757,624.897,1/21/2019,14:42,Credit card,595.14,4.761904762,29.757,5.5,1
81,847-38-7188,B,Mandalay,Normal,Female,Food and beverages,96.68,3,14.502,304.542,1/26/2019,19:56,Ewallet,290.04,4.761904762,14.502,6.4,1
82,480-63-2856,C,Naypyitaw,Normal,Male,Food and beverages,19.25,8,7.7,161.7,1/23/2019,18:37,Ewallet,154.0,4.761904762,7.7,6.6,1
83,787-56-0757,C,Naypyitaw,Member,Female,Food and beverages,80.36,4,16.072,337.512,2/23/2019,18:45,Credit card,321.44,4.761904762,16.072,8.3,2
88,504-35-8843,A,Yangon,Normal,Male,Sports and travel,42.47,1,2.1235,44.5935,1/2/2019,16:57,Cash,42.47,4.761904762,2.1235,5.7,1
89,318-68-5053,B,Mandalay,Normal,Female,Health and beauty,76.99,6,23.097,485.037,2/27/2019,17:55,Cash,461.94,4.761904762,23.097,6.1,2
90,565-80-5980,C,Naypyitaw,Member,Female,Home and lifestyle,47.38,4,9.476,198.996,1/23/2019,10:25,Cash,189.52,4.761904762,9.476,7.1,1
91,225-32-0908,C,Naypyitaw,Normal,Female,Sports and travel,44.86,10,22.43,471.03,1/26/2019,19:54,Ewallet,448.6,4.761904762,22.43,8.2,1
92,873-51-0671,A,Yangon,Member,Female,Sports and travel,21.98,7,7.693,161.553,1/10/2019,16:42,Ewallet,153.86,4.761904762,7.693,5.1,1
94,512-91-0811,C,Naypyitaw,Normal,Male,Health and beauty,89.75,1,4.4875,94.2375,2/6/2019,20:05,Credit card,89.75,4.761904762,4.4875,6.6,2
97,871-39-9221,C,Naypyitaw,Normal,Female,Electronic accessories,12.45,6,3.735,78.435,2/9/2019,13:11,Cash,74.7,4.761904762,3.735,4.1,2
102,551-21-3069,C,Naypyitaw,Normal,Female,Electronic accessories,23.07,9,10.3815,218.0115,2/1/2019,11:27,Cash,207.63,4.761904762,10.3815,4.9,2
105,704-48-3927,A,Yangon,Member,Male,Electronic accessories,88.67,10,44.335,931.035,1/12/2019,14:50,Ewallet,886.7,4.761904762,44.335,7.3,1
106,628-34-3388,C,Naypyitaw,Normal,Male,Fashion accessories,27.38,6,8.214,172.494,1/5/2019,20:54,Credit card,164.28,4.761904762,8.214,7.9,1
110,479-26-8945,B,Mandalay,Member,Female,Sports and travel,16.49,2,1.649,34.629,2/5/2019,11:32,Ewallet,32.98,4.761904762,1.649,4.6,2
111,210-67-5886,C,Naypyitaw,Member,Female,Health and beauty,98.21,3,14.7315,309.3615,2/5/2019,10:41,Credit card,294.63,4.761904762,14.7315,7.8,2
112,227-78-1148,B,Mandalay,Normal,Female,Fashion accessories,72.84,7,25.494,535.374,2/15/2019,12:44,Cash,509.88,4.761904762,25.494,8.4,2
113,645-44-1170,A,Yangon,Member,Male,Home and lifestyle,58.07,9,26.1315,548.7615,1/19/2019,20:07,Ewallet,522.63,4.761904762,26.1315,4.3,1
114,237-01-6122,C,Naypyitaw,Member,Female,Home and lifestyle,80.79,9,36.3555,763.4655,2/1/2019,20:31,Credit card,727.11,4.761904762,36.3555,9.5,2
117,659-65-8956,B,Mandalay,Member,Male,Fashion accessories,51.36,1,2.568,53.928,1/16/2019,15:26,Ewallet,51.36,4.761904762,2.568,5.2,1
118,642-32-2990,A,Yangon,Normal,Female,Food and beverages,10.96,10,5.48,115.08,2/2/2019,20:48,Ewallet,109.6,4.761904762,5.48,6.0,2
119,378-24-2715,B,Mandalay,Normal,Male,Home and lifestyle,53.44,2,5.344,112.224,1/20/2019,20:38,Ewallet,106.88,4.761904762,5.344,4.1,1
120,638-60-7125,A,Yangon,Normal,Female,Electronic accessories,99.56,8,39.824,836.304,2/14/2019,17:03,Credit card,796.48,4.761904762,39.824,5.2,2
121,659-36-1684,C,Naypyitaw,Member,Male,Sports and travel,57.12,7,19.992,419.832,1/12/2019,12:02,Credit card,399.84,4.761904762,19.992,6.5,1
126,870-54-3162,A,Yangon,Normal,Female,Sports and travel,32.25,5,8.0625,169.3125,1/27/2019,13:26,Cash,161.25,4.761904762,8.0625,9.0,1
127,189-08-9157,C,Naypyitaw,Normal,Female,Fashion accessories,31.73,9,14.2785,299.8485,1/8/2019,16:17,Credit card,285.57,4.761904762,14.2785,5.9,1
128,663-86-9076,C,Naypyitaw,Member,Female,Food and beverages,68.54,8,27.416,575.736,1/8/2019,15:57,Ewallet,548.32,4.761904762,27.416,8.5,1
129,549-84-7482,B,Mandalay,Normal,Female,Sports and travel,90.28,9,40.626,853.146,2/8/2019,11:15,Ewallet,812.52,4.761904762,40.626,7.2,2
130,191-10-6171,B,Mandalay,Normal,Female,Fashion accessories,39.62,7,13.867,291.207,1/25/2019,13:18,Cash,277.34,4.761904762,13.867,7.5,1
132,695-51-0018,B,Mandalay,Normal,Female,Sports and travel,34.84,4,6.968,146.328,2/10/2019,18:36,Cash,139.36,4.761904762,6.968,7.4,2
133,590-83-4591,B,Mandalay,Member,Male,Electronic accessories,87.45,6,26.235,550.935,2/17/2019,14:40,Credit card,524.7,4.761904762,26.235,8.8,2
135,597-78-7908,C,Naypyitaw,Normal,Male,Fashion accessories,90.22,3,13.533,284.193,2/18/2019,19:39,Cash,270.66,4.761904762,13.533,6.2,2
136,700-81-1757,A,Yangon,Normal,Female,Electronic accessories,26.31,5,6.5775,138.1275,1/18/2019,20:59,Credit card,131.55,4.761904762,6.5775,8.8,1
137,354-39-5160,A,Yangon,Member,Female,Home and lifestyle,34.42,6,10.326,216.846,2/18/2019,15:39,Cash,206.52,4.761904762,10.326,9.8,2
138,241-72-9525,B,Mandalay,Normal,Male,Sports and travel,51.91,10,25.955,545.055,2/16/2019,12:21,Cash,519.1,4.761904762,25.955,8.2,2
140,731-81-9469,C,Naypyitaw,Member,Female,Sports and travel,89.8,10,44.9,942.9,1/23/2019,13:00,Credit card,898.0,4.761904762,44.9,5.4,1
141,280-17-4359,C,Naypyitaw,Member,Male,Health and beauty,90.5,10,45.25,950.25,1/25/2019,13:48,Cash,905.0,4.761904762,45.25,8.1,1
142,338-65-2210,C,Naypyitaw,Member,Female,Health and beauty,68.6,10,34.3,720.3,2/5/2019,19:57,Cash,686.0,4.761904762,34.3,9.1,2
143,488-25-4221,C,Naypyitaw,Member,Female,Food and beverages,30.41,1,1.5205,31.9305,2/22/2019,10:36,Credit card,30.41,4.761904762,1.5205,8.4,2
144,239-10-7476,A,Yangon,Normal,Female,Home and lifestyle,77.95,6,23.385,491.085,1/21/2019,16:37,Ewallet,467.7,4.761904762,23.385,8.0,1
146,685-64-1609,A,Yangon,Member,Female,Fashion accessories,30.14,10,15.07,316.47,2/10/2019,12:28,Ewallet,301.4,4.761904762,15.07,9.2,2
152,746-94-0204,A,Yangon,Normal,Male,Fashion accessories,83.24,9,37.458,786.618,1/29/2019,11:56,Credit card,749.16,4.761904762,37.458,7.4,1
153,214-17-6927,C,Naypyitaw,Normal,Female,Food and beverages,16.48,6,4.944,103.824,2/7/2019,18:23,Ewallet,98.88,4.761904762,4.944,9.9,2
154,400-89-4171,C,Naypyitaw,Normal,Female,Sports and travel,80.97,8,32.388,680.148,1/28/2019,13:05,Cash,647.76,4.761904762,32.388,9.3,1
155,782-95-9291,A,Yangon,Member,Male,Food and beverages,92.29,5,23.0725,484.5225,2/20/2019,15:55,Credit card,461.45,4.761904762,23.0725,9.0,2
156,279-74-2924,B,Mandalay,Member,Male,Electronic accessories,72.17,1,3.6085,75.7785,1/4/2019,19:40,Cash,72.17,4.761904762,3.6085,6.1,1
160,894-41-5205,C,Naypyitaw,Normal,Female,Food and beverages,43.18,8,17.272,362.712,1/19/2019,19:39,Credit card,345.44,4.761904762,17.272,8.3,1
161,275-28-0149,A,Yangon,Normal,Male,Sports and travel,63.69,1,3.1845,66.8745,2/25/2019,16:21,Cash,63.69,4.761904762,3.1845,6.0,2
163,423-80-0988,C,Naypyitaw,Normal,Male,Sports and travel,76.4,2,7.64,160.44,1/30/2019,19:42,Ewallet,152.8,4.761904762,7.64,6.5,1
164,548-46-9322,B,Mandalay,Normal,Male,Food and beverages,39.9,10,19.95,418.95,2/20/2019,15:24,Credit card,399.0,4.761904762,19.95,5.9,2
165,505-02-0892,B,Mandalay,Member,Male,Health and beauty,42.57,8,17.028,357.588,2/25/2019,14:12,Ewallet,340.56,4.761904762,17.028,5.6,2
166,234-65-2137,C,Naypyitaw,Normal,Male,Home and lifestyle,95.58,10,47.79,1003.59,1/16/2019,13:32,Cash,955.8,4.761904762,47.79,4.8,1
167,687-47-8271,A,Yangon,Normal,Male,Fashion accessories,98.98,10,49.49,1039.29,2/8/2019,16:20,Credit card,989.8,4.761904762,49.49,8.7,2
168,796-32-9050,A,Yangon,Normal,Male,Food and beverages,51.28,6,15.384,323.064,1/19/2019,16:31,Cash,307.68,4.761904762,15.384,6.5,1
169,105-31-1824,A,Yangon,Member,Male,Sports and travel,69.52,7,24.332,510.972,2/1/2019,15:10,Credit card,486.64,4.761904762,24.332,8.5,2
170,249-42-3782,A,Yangon,Normal,Male,Health and beauty,70.01,5,17.5025,367.5525,1/3/2019,11:36,Ewallet,350.05,4.761904762,17.5025,5.5,1
171,316-55-4634,B,Mandalay,Member,Male,Food and beverages,80.05,5,20.0125,420.2625,1/26/2019,12:45,Credit card,400.25,4.761904762,20.0125,9.4,1
173,608-27-6295,B,Mandalay,Member,Male,Electronic accessories,52.89,6,15.867,333.207,1/19/2019,17:34,Credit card,317.34,4.761904762,15.867,9.8,1
174,414-12-7047,B,Mandalay,Normal,Male,Food and beverages,19.79,8,7.916,166.236,1/18/2019,12:04,Ewallet,158.32,4.761904762,7.916,8.7,1
177,139-52-2867,C,Naypyitaw,Normal,Female,Fashion accessories,22.51,7,7.8785,165.4485,2/13/2019,10:50,Credit card,157.57,4.761904762,7.8785,4.8,2
179,342-65-4817,C,Naypyitaw,Member,Male,Health and beauty,86.8,3,13.02,273.42,1/28/2019,16:47,Ewallet,260.4,4.761904762,13.02,9.9,1
180,130-98-8941,C,Naypyitaw,Normal,Male,Fashion accessories,64.26,7,22.491,472.311,2/9/2019,10:00,Cash,449.82,4.761904762,22.491,5.7,2
181,434-83-9547,C,Naypyitaw,Member,Male,Food and beverages,38.47,8,15.388,323.148,1/23/2019,11:51,Cash,307.76,4.761904762,15.388,7.7,1
183,824-88-3614,C,Naypyitaw,Normal,Male,Health and beauty,34.31,8,13.724,288.204,1/25/2019,15:00,Ewallet,274.48,4.761904762,13.724,5.7,1
187,732-04-5373,B,Mandalay,Member,Male,Home and lifestyle,46.47,4,9.294,195.174,2/8/2019,10:53,Cash,185.88,4.761904762,9.294,7.0,2
188,400-60-7251,A,Yangon,Normal,Male,Home and lifestyle,74.07,1,3.7035,77.7735,2/10/2019,12:50,Ewallet,74.07,4.761904762,3.7035,9.9,2
189,593-65-1552,C,Naypyitaw,Normal,Female,Home and lifestyle,69.81,4,13.962,293.202,1/28/2019,20:50,Credit card,279.24,4.761904762,13.962,5.9,1
190,284-34-9626,B,Mandalay,Normal,Female,Home and lifestyle,77.04,3,11.556,242.676,2/11/2019,10:39,Credit card,231.12,4.761904762,11.556,7.2,2
191,437-58-8131,B,Mandalay,Normal,Female,Fashion accessories,73.52,2,7.352,154.392,1/15/2019,13:41,Ewallet,147.04,4.761904762,7.352,4.6,1
193,641-43-2399,B,Mandalay,Normal,Male,Home and lifestyle,25.55,4,5.11,107.31,1/26/2019,20:23,Ewallet,102.2,4.761904762,5.11,5.7,1
195,556-86-3144,C,Naypyitaw,Member,Female,Fashion accessories,74.29,1,3.7145,78.0045,1/13/2019,19:30,Cash,74.29,4.761904762,3.7145,5.0,1
199,420-11-4919,C,Naypyitaw,Member,Female,Food and beverages,71.39,5,17.8475,374.7975,2/17/2019,19:57,Credit card,356.95,4.761904762,17.8475,5.5,2
200,606-80-4905,C,Naypyitaw,Member,Female,Sports and travel,19.15,6,5.745,120.645,1/29/2019,10:01,Credit card,114.9,4.761904762,5.745,6.8,1
202,426-39-2418,C,Naypyitaw,Normal,Male,Electronic accessories,61.41,7,21.4935,451.3635,1/14/2019,10:02,Cash,429.87,4.761904762,21.4935,9.8,1
203,875-46-5808,B,Mandalay,Member,Male,Health and beauty,25.9,10,12.95,271.95,2/6/2019,14:51,Ewallet,259.0,4.761904762,12.95,8.7,2
204,394-43-4238,B,Mandalay,Member,Male,Home and lifestyle,17.77,5,4.4425,93.2925,2/15/2019,12:42,Credit card,88.85,4.761904762,4.4425,5.4,2
205,749-24-1565,A,Yangon,Normal,Female,Health and beauty,23.03,9,10.3635,217.6335,1/3/2019,12:02,Ewallet,207.27,4.761904762,10.3635,7.9,1
206,672-51-8681,C,Naypyitaw,Member,Female,Electronic accessories,66.65,9,29.9925,629.8425,1/4/2019,18:19,Credit card,599.85,4.761904762,29.9925,9.7,1
210,888-02-0338,A,Yangon,Normal,Male,Electronic accessories,26.23,9,11.8035,247.8735,1/25/2019,20:24,Ewallet,236.07,4.761904762,11.8035,5.9,1
211,677-11-0152,C,Naypyitaw,Normal,Female,Food and beverages,93.26,9,41.967,881.307,1/16/2019,18:08,Cash,839.34,4.761904762,41.967,8.8,1
213,656-16-1063,B,Mandalay,Normal,Male,Sports and travel,46.42,3,6.963,146.223,1/4/2019,13:24,Credit card,139.26,4.761904762,6.963,4.4,1
217,319-74-2561,A,Yangon,Member,Female,Electronic accessories,94.64,3,14.196,298.116,2/21/2019,16:55,Cash,283.92,4.761904762,14.196,5.5,2
218,549-03-9315,B,Mandalay,Normal,Male,Fashion accessories,94.87,8,37.948,796.908,2/12/2019,12:58,Ewallet,758.96,4.761904762,37.948,8.7,2
220,239-36-3640,B,Mandalay,Normal,Male,Electronic accessories,45.35,6,13.605,285.705,1/31/2019,13:44,Ewallet,272.1,4.761904762,13.605,6.1,1
222,389-25-3394,C,Naypyitaw,Normal,Male,Electronic accessories,11.81,5,2.9525,62.0025,2/17/2019,18:06,Cash,59.05,4.761904762,2.9525,9.4,2
223,279-62-1445,C,Naypyitaw,Member,Female,Fashion accessories,12.54,1,0.627,13.167,2/21/2019,12:38,Cash,12.54,4.761904762,0.627,8.2,2
225,746-68-6593,C,Naypyitaw,Member,Female,Sports and travel,87.16,2,8.716,183.036,1/11/2019,14:29,Credit card,174.32,4.761904762,8.716,9.7,1
226,836-82-5858,B,Mandalay,Member,Male,Health and beauty,69.37,9,31.2165,655.5465,1/26/2019,19:14,Ewallet,624.33,4.761904762,31.2165,4.0,1
227,583-72-1480,C,Naypyitaw,Member,Male,Electronic accessories,37.06,4,7.412,155.652,1/31/2019,16:24,Ewallet,148.24,4.761904762,7.412,9.7,1
228,466-61-5506,B,Mandalay,Member,Female,Electronic accessories,90.7,6,27.21,571.41,2/26/2019,10:52,Cash,544.2,4.761904762,27.21,5.3,2
230,289-65-5721,B,Mandalay,Normal,Female,Fashion accessories,81.37,2,8.137,170.877,1/26/2019,19:28,Cash,162.74,4.761904762,8.137,6.5,1
232,418-02-5978,B,Mandalay,Normal,Female,Health and beauty,84.09,9,37.8405,794.6505,2/11/2019,10:54,Cash,756.81,4.761904762,37.8405,8.0,2
233,269-04-5750,B,Mandalay,Member,Male,Fashion accessories,73.82,4,14.764,310.044,2/21/2019,18:31,Cash,295.28,4.761904762,14.764,6.7,2
235,645-78-8093,A,Yangon,Normal,Female,Sports and travel,93.14,2,9.314,195.594,1/20/2019,18:09,Ewallet,186.28,4.761904762,9.314,4.1,1
236,211-30-9270,C,Naypyitaw,Normal,Male,Health and beauty,17.41,5,4.3525,91.4025,1/28/2019,15:16,Credit card,87.05,4.761904762,4.3525,4.9,1
239,478-06-7835,A,Yangon,Normal,Male,Fashion accessories,89.69,1,4.4845,94.1745,1/11/2019,11:20,Ewallet,89.69,4.761904762,4.4845,4.9,1
240,540-11-4336,A,Yangon,Normal,Male,Food and beverages,24.94,9,11.223,235.683,1/11/2019,16:49,Credit card,224.46,4.761904762,11.223,5.6,1
242,142-72-4741,C,Naypyitaw,Member,Male,Fashion accessories,93.2,2,9.32,195.72,2/28/2019,18:37,Credit card,186.4,4.761904762,9.32,6.0,2
243,217-58-1179,A,Yangon,Member,Male,Home and lifestyle,62.65,4,12.53,263.13,1/5/2019,11:25,Cash,250.6,4.761904762,12.53,4.2,1
244,376-02-8238,B,Mandalay,Normal,Male,Home and lifestyle,93.87,8,37.548,788.508,2/2/2019,18:42,Credit card,750.96,4.761904762,37.548,8.3,2
245,530-90-9855,A,Yangon,Member,Male,Home and lifestyle,47.59,8,19.036,399.756,1/1/2019,14:47,Cash,380.72,4.761904762,19.036,5.7,1
246,866-05-7563,B,Mandalay,Member,Female,Electronic accessories,81.4,3,12.21,256.41,2/9/2019,19:43,Cash,244.2,4.761904762,12.21,4.8,2
247,604-70-6476,A,Yangon,Member,Male,Fashion accessories,17.94,5,4.485,94.185,1/23/2019,14:04,Ewallet,89.7,4.761904762,4.485,6.8,1
248,799-71-1548,A,Yangon,Member,Male,Electronic accessories,77.72,4,15.544,326.424,1/7/2019,16:11,Credit card,310.88,4.761904762,15.544,8.8,1
249,785-13-7708,B,Mandalay,Normal,Male,Food and beverages,73.06,7,25.571,536.991,1/14/2019,19:06,Credit card,511.42,4.761904762,25.571,4.2,1
250,845-51-0542,B,Mandalay,Member,Male,Food and beverages,46.55,9,20.9475,439.8975,2/2/2019,15:34,Ewallet,418.95,4.761904762,20.9475,6.4,2
254,704-11-6354,A,Yangon,Member,Male,Home and lifestyle,58.9,8,23.56,494.76,1/6/2019,11:23,Cash,471.2,4.761904762,23.56,8.9,1
255,110-48-7033,B,Mandalay,Member,Male,Fashion accessories,32.62,4,6.524,137.004,1/29/2019,14:12,Cash,130.48,4.761904762,6.524,9.0,1
256,366-93-0948,A,Yangon,Member,Male,Electronic accessories,66.35,1,3.3175,69.6675,1/31/2019,10:46,Credit card,66.35,4.761904762,3.3175,9.7,1
257,729-09-9681,A,Yangon,Member,Male,Home and lifestyle,25.91,6,7.773,163.233,2/5/2019,10:16,Ewallet,155.46,4.761904762,7.773,8.7,2
258,151-16-1484,A,Yangon,Member,Male,Electronic accessories,32.25,4,6.45,135.45,2/13/2019,12:38,Ewallet,129.0,4.761904762,6.45,6.5,2
259,380-94-4661,C,Naypyitaw,Member,Male,Electronic accessories,65.94,4,13.188,276.948,2/7/2019,13:05,Credit card,263.76,4.761904762,13.188,6.9,2
263,447-15-7839,A,Yangon,Member,Female,Sports and travel,22.24,10,11.12,233.52,2/9/2019,11:00,Cash,222.4,4.761904762,11.12,4.2,2
264,154-74-7179,B,Mandalay,Normal,Male,Sports and travel,54.45,1,2.7225,57.1725,2/26/2019,19:24,Ewallet,54.45,4.761904762,2.7225,7.9,2
267,571-94-0759,B,Mandalay,Member,Female,Food and beverages,74.6,10,37.3,783.3,1/8/2019,20:55,Cash,746.0,4.761904762,37.3,9.5,1
268,144-51-6085,A,Yangon,Member,Male,Home and lifestyle,70.74,4,14.148,297.108,1/5/2019,16:05,Credit card,282.96,4.761904762,14.148,4.4,1
269,731-14-2199,A,Yangon,Member,Female,Home and lifestyle,35.54,10,17.77,373.17,1/4/2019,13:34,Ewallet,355.4,4.761904762,17.77,7.0,1
271,687-15-1097,C,Naypyitaw,Member,Female,Health and beauty,21.12,2,2.112,44.352,1/3/2019,19:17,Cash,42.24,4.761904762,2.112,9.7,1
272,126-54-1082,A,Yangon,Member,Female,Home and lifestyle,21.54,9,9.693,203.553,1/7/2019,11:44,Credit card,193.86,4.761904762,9.693,8.8,1
273,633-91-1052,A,Yangon,Normal,Female,Home and lifestyle,12.03,2,1.203,25.263,1/27/2019,15:51,Cash,24.06,4.761904762,1.203,5.1,1
274,477-24-6490,B,Mandalay,Normal,Female,Health and beauty,99.71,6,29.913,628.173,2/26/2019,16:52,Ewallet,598.26,4.761904762,29.913,7.9,2
275,566-19-5475,B,Mandalay,Normal,Male,Fashion accessories,47.97,7,16.7895,352.5795,1/7/2019,20:52,Cash,335.79,4.761904762,16.7895,6.2,1
276,526-86-8552,C,Naypyitaw,Member,Female,Home and lifestyle,21.82,10,10.91,229.11,1/7/2019,17:36,Cash,218.2,4.761904762,10.91,7.1,1
277,376-56-3573,C,Naypyitaw,Normal,Female,Fashion accessories,95.42,4,19.084,400.764,2/2/2019,13:23,Ewallet,381.68,4.761904762,19.084,6.4,2
280,136-08-6195,A,Yangon,Normal,Female,Home and lifestyle,69.96,8,27.984,587.664,2/15/2019,17:01,Credit card,559.68,4.761904762,27.984,6.4,2
282,490-29-1201,A,Yangon,Normal,Female,Sports and travel,15.34,1,0.767,16.107,1/6/2019,11:09,Cash,15.34,4.761904762,0.767,6.5,1
285,498-41-1961,B,Mandalay,Normal,Male,Health and beauty,66.68,5,16.67,350.07,2/20/2019,18:01,Cash,333.4,4.761904762,16.67,7.6,2
287,226-71-3580,C,Naypyitaw,Normal,Female,Sports and travel,23.75,9,10.6875,224.4375,1/31/2019,12:02,Cash,213.75,4.761904762,10.6875,9.5,1
288,283-79-9594,B,Mandalay,Normal,Female,Food and beverages,48.51,7,16.9785,356.5485,1/25/2019,13:30,Credit card,339.57,4.761904762,16.9785,5.2,1
289,430-60-3493,A,Yangon,Member,Female,Home and lifestyle,94.88,7,33.208,697.368,2/3/2019,14:38,Cash,664.16,4.761904762,33.208,4.2,2
290,139-20-0155,B,Mandalay,Member,Male,Electronic accessories,40.3,10,20.15,423.15,1/24/2019,17:37,Credit card,403.0,4.761904762,20.15,7.0,1
292,278-97-7759,A,Yangon,Member,Female,Electronic accessories,62.48,1,3.124,65.604,2/18/2019,20:29,Cash,62.48,4.761904762,3.124,4.7,2
293,316-68-6352,A,Yangon,Member,Female,Food and beverages,36.36,2,3.636,76.356,1/21/2019,10:00,Cash,72.72,4.761904762,3.636,7.1,1
297,744-02-5987,A,Yangon,Member,Male,Home and lifestyle,78.38,6,23.514,493.794,1/10/2019,14:16,Ewallet,470.28,4.761904762,23.514,5.8,1
298,307-83-9164,A,Yangon,Member,Male,Home and lifestyle,60.01,4,12.002,252.042,1/25/2019,15:54,Cash,240.04,4.761904762,12.002,4.5,1
299,779-06-0012,C,Naypyitaw,Member,Female,Home and lifestyle,88.61,1,4.4305,93.0405,1/19/2019,10:21,Cash,88.61,4.761904762,4.4305,7.7,1
300,446-47-6729,C,Naypyitaw,Normal,Male,Fashion accessories,99.82,2,9.982,209.622,1/2/2019,18:09,Credit card,199.64,4.761904762,9.982,6.7,1
302,735-06-4124,C,Naypyitaw,Normal,Male,Food and beverages,48.61,1,2.4305,51.0405,2/25/2019,15:31,Cash,48.61,4.761904762,2.4305,4.4,2
304,396-90-2219,B,Mandalay,Normal,Female,Electronic accessories,14.96,8,5.984,125.664,2/23/2019,12:29,Cash,119.68,4.761904762,5.984,8.6,2
307,803-17-8013,A,Yangon,Member,Female,Home and lifestyle,88.79,8,35.516,745.836,2/17/2019,17:09,Cash,710.32,4.761904762,35.516,4.1,2
310,532-59-7201,B,Mandalay,Member,Male,Sports and travel,79.93,6,23.979,503.559,1/31/2019,14:04,Cash,479.58,4.761904762,23.979,5.5,1
311,181-94-6432,C,Naypyitaw,Member,Male,Fashion accessories,69.33,2,6.933,145.593,2/5/2019,19:05,Ewallet,138.66,4.761904762,6.933,9.7,2
312,870-76-1733,A,Yangon,Member,Female,Food and beverages,14.23,5,3.5575,74.7075,2/1/2019,10:08,Credit card,71.15,4.761904762,3.5575,4.4,2
314,227-07-4446,C,Naypyitaw,Member,Female,Electronic accessories,78.13,10,39.065,820.365,2/10/2019,20:51,Cash,781.3,4.761904762,39.065,4.4,2
315,174-36-3675,C,Naypyitaw,Member,Male,Food and beverages,99.37,2,9.937,208.677,2/14/2019,17:29,Cash,198.74,4.761904762,9.937,5.2,2
316,428-83-5800,C,Naypyitaw,Member,Female,Food and beverages,21.08,3,3.162,66.402,2/9/2019,10:25,Cash,63.24,4.761904762,3.162,7.3,2
317,603-07-0961,C,Naypyitaw,Member,Male,Electronic accessories,74.79,5,18.6975,392.6475,1/10/2019,11:34,Cash,373.95,4.761904762,18.6975,4.9,1
319,787-15-1757,C,Naypyitaw,Member,Male,Health and beauty,44.07,4,8.814,185.094,2/18/2019,16:28,Ewallet,176.28,4.761904762,8.814,8.4,2
320,649-11-3678,C,Naypyitaw,Normal,Female,Food and beverages,22.93,9,10.3185,216.6885,2/26/2019,20:26,Cash,206.37,4.761904762,10.3185,5.5,2
321,622-20-1945,C,Naypyitaw,Normal,Female,Health and beauty,39.42,1,1.971,41.391,1/18/2019,15:08,Cash,39.42,4.761904762,1.971,8.4,1
322,372-94-8041,A,Yangon,Normal,Male,Health and beauty,15.26,6,4.578,96.138,2/15/2019,18:03,Ewallet,91.56,4.761904762,4.578,9.8,2
324,746-54-5508,A,Yangon,Normal,Male,Home and lifestyle,21.52,6,6.456,135.576,1/17/2019,12:48,Credit card,129.12,4.761904762,6.456,9.4,1
328,730-61-8757,B,Mandalay,Member,Male,Health and beauty,51.13,4,10.226,214.746,1/25/2019,10:11,Credit card,204.52,4.761904762,10.226,4.0,1
330,868-81-1752,B,Mandalay,Normal,Male,Home and lifestyle,22.02,9,9.909,208.089,2/7/2019,18:48,Cash,198.18,4.761904762,9.909,6.8,2
331,634-97-8956,A,Yangon,Normal,Male,Food and beverages,32.9,3,4.935,103.635,2/17/2019,17:27,Credit card,98.7,4.761904762,4.935,9.1,2
332,566-71-1091,A,Yangon,Normal,Male,Fashion accessories,77.02,5,19.255,404.355,2/3/2019,15:59,Cash,385.1,4.761904762,19.255,5.5,2
337,692-27-8933,B,Mandalay,Normal,Female,Sports and travel,57.95,6,17.385,365.085,2/24/2019,13:02,Cash,347.7,4.761904762,17.385,5.2,2
339,374-17-3652,B,Mandalay,Member,Female,Food and beverages,42.82,9,19.269,404.649,2/5/2019,15:26,Credit card,385.38,4.761904762,19.269,8.9,2
340,378-07-7001,B,Mandalay,Member,Male,Electronic accessories,48.09,3,7.2135,151.4835,2/10/2019,18:23,Credit card,144.27,4.761904762,7.2135,7.8,2
342,873-95-4984,B,Mandalay,Member,Female,Health and beauty,76.9,7,26.915,565.215,2/15/2019,20:21,Cash,538.3,4.761904762,26.915,7.7,2
343,416-13-5917,C,Naypyitaw,Normal,Female,Food and beverages,97.03,5,24.2575,509.4075,1/30/2019,16:24,Ewallet,485.15,4.761904762,24.2575,9.3,1
344,150-89-8043,A,Yangon,Normal,Male,Sports and travel,44.65,3,6.6975,140.6475,2/14/2019,15:04,Cash,133.95,4.761904762,6.6975,6.2,2
345,135-84-8019,A,Yangon,Normal,Female,Fashion accessories,77.93,9,35.0685,736.4385,2/27/2019,16:10,Ewallet,701.37,4.761904762,35.0685,7.6,2
346,441-94-7118,A,Yangon,Member,Male,Electronic accessories,71.95,1,3.5975,75.5475,2/4/2019,12:14,Cash,71.95,4.761904762,3.5975,7.3,2
347,725-96-3778,C,Naypyitaw,Member,Female,Home and lifestyle,89.25,8,35.7,749.7,1/20/2019,10:13,Cash,714.0,4.761904762,35.7,4.7,1
349,400-45-1220,B,Mandalay,Normal,Female,Health and beauty,13.5,10,6.75,141.75,2/27/2019,11:06,Credit card,135.0,4.761904762,6.75,4.8,2
350,860-79-0874,C,Naypyitaw,Member,Female,Fashion accessories,99.3,10,49.65,1042.65,2/15/2019,14:53,Credit card,993.0,4.761904762,49.65,6.6,2
351,834-61-8124,A,Yangon,Normal,Male,Electronic accessories,51.69,7,18.0915,379.9215,1/26/2019,18:22,Cash,361.83,4.761904762,18.0915,5.5,1
355,889-04-9723,B,Mandalay,Member,Female,Food and beverages,89.14,4,17.828,374.388,1/7/2019,12:20,Credit card,356.56,4.761904762,17.828,7.8,1
357,554-42-2417,C,Naypyitaw,Normal,Female,Sports and travel,95.44,10,47.72,1002.12,1/9/2019,13:45,Cash,954.4,4.761904762,47.72,5.2,1
360,612-36-5536,A,Yangon,Member,Male,Food and beverages,80.96,8,32.384,680.064,2/17/2019,11:12,Credit card,647.68,4.761904762,32.384,7.4,2
361,605-72-4132,C,Naypyitaw,Normal,Female,Food and beverages,94.47,8,37.788,793.548,2/27/2019,15:12,Cash,755.76,4.761904762,37.788,9.1,2
363,462-67-9126,A,Yangon,Normal,Male,Home and lifestyle,73.22,6,21.966,461.286,1/21/2019,17:44,Cash,439.32,4.761904762,21.966,7.2,1
364,272-27-9238,C,Naypyitaw,Normal,Female,Food and beverages,41.24,4,8.248,173.208,2/19/2019,16:23,Cash,164.96,4.761904762,8.248,7.1,2
365,834-25-9262,C,Naypyitaw,Normal,Female,Fashion accessories,81.68,4,16.336,343.056,1/6/2019,12:12,Cash,326.72,4.761904762,16.336,9.1,1
368,613-59-9758,C,Naypyitaw,Normal,Female,Sports and travel,14.36,10,7.18,150.78,1/27/2019,14:28,Cash,143.6,4.761904762,7.18,5.4,1
370,201-86-2184,B,Mandalay,Member,Female,Electronic accessories,26.26,7,9.191,193.011,2/2/2019,19:40,Cash,183.82,4.761904762,9.191,9.9,2
371,261-12-8671,B,Mandalay,Normal,Female,Fashion accessories,60.96,2,6.096,128.016,1/25/2019,19:39,Credit card,121.92,4.761904762,6.096,4.9,1
373,382-25-8917,C,Naypyitaw,Normal,Male,Fashion accessories,42.08,6,12.624,265.104,1/29/2019,12:25,Cash,252.48,4.761904762,12.624,8.9,1
374,422-29-8786,A,Yangon,Normal,Female,Home and lifestyle,67.09,5,16.7725,352.2225,1/3/2019,16:47,Credit card,335.45,4.761904762,16.7725,9.1,1
375,667-23-5919,A,Yangon,Member,Female,Fashion accessories,96.7,5,24.175,507.675,1/14/2019,12:52,Ewallet,483.5,4.761904762,24.175,7.0,1
376,843-01-4703,B,Mandalay,Member,Female,Home and lifestyle,35.38,9,15.921,334.341,1/5/2019,19:50,Credit card,318.42,4.761904762,15.921,9.6,1
377,743-88-1662,C,Naypyitaw,Normal,Male,Sports and travel,95.49,7,33.4215,701.8515,2/22/2019,18:17,Ewallet,668.43,4.761904762,33.4215,8.7,2
378,595-86-2894,C,Naypyitaw,Member,Male,Fashion accessories,96.98,4,19.396,407.316,2/6/2019,17:20,Ewallet,387.92,4.761904762,19.396,9.4,2
379,182-69-8360,B,Mandalay,Normal,Female,Electronic accessories,23.65,4,4.73,99.33,1/30/2019,13:32,Credit card,94.6,4.761904762,4.73,4.0,1
380,289-15-7034,A,Yangon,Member,Male,Sports and travel,82.33,4,16.466,345.786,1/11/2019,10:37,Credit card,329.32,4.761904762,16.466,7.5,1
382,868-52-7573,B,Mandalay,Normal,Female,Food and beverages,99.69,5,24.9225,523.3725,1/14/2019,12:09,Cash,498.45,4.761904762,24.9225,9.9,1
384,662-72-2873,A,Yangon,Normal,Female,Food and beverages,40.94,5,10.235,214.935,1/6/2019,13:58,Ewallet,204.7,4.761904762,10.235,9.9,1
385,525-88-7307,B,Mandalay,Member,Male,Sports and travel,75.82,1,3.791,79.611,1/31/2019,13:19,Cash,75.82,4.761904762,3.791,5.8,1
387,725-56-0833,A,Yangon,Normal,Female,Health and beauty,32.32,10,16.16,339.36,2/20/2019,16:49,Credit card,323.2,4.761904762,16.16,10.0,2
388,394-41-0748,C,Naypyitaw,Member,Female,Fashion accessories,54.07,9,24.3315,510.9615,1/27/2019,14:55,Ewallet,486.63,4.761904762,24.3315,9.5,1
390,541-89-9860,C,Naypyitaw,Member,Female,Fashion accessories,80.48,3,12.072,253.512,2/15/2019,12:31,Cash,241.44,4.761904762,12.072,8.1,2
391,173-82-9529,B,Mandalay,Normal,Female,Fashion accessories,37.95,10,18.975,398.475,1/26/2019,14:51,Cash,379.5,4.761904762,18.975,9.7,1
392,563-36-9814,A,Yangon,Member,Male,Electronic accessories,76.82,1,3.841,80.661,2/13/2019,18:27,Ewallet,76.82,4.761904762,3.841,7.2,2
395,726-27-2396,A,Yangon,Normal,Female,Health and beauty,77.5,5,19.375,406.875,1/24/2019,20:36,Ewallet,387.5,4.761904762,19.375,4.3,1
402,236-86-3015,C,Naypyitaw,Member,Male,Home and lifestyle,13.98,1,0.699,14.679,2/4/2019,13:38,Ewallet,13.98,4.761904762,0.699,9.8,2
403,831-64-0259,B,Mandalay,Normal,Female,Fashion accessories,39.75,5,9.9375,208.6875,2/22/2019,10:43,Ewallet,198.75,4.761904762,9.9375,9.6,2
404,587-03-7455,C,Naypyitaw,Member,Female,Fashion accessories,97.79,7,34.2265,718.7565,2/16/2019,17:30,Ewallet,684.53,4.761904762,34.2265,4.9,2
405,882-40-4577,A,Yangon,Member,Male,Sports and travel,67.26,4,13.452,282.492,1/19/2019,15:28,Credit card,269.04,4.761904762,13.452,8.0,1
406,732-67-5346,A,Yangon,Normal,Male,Food and beverages,13.79,5,3.4475,72.3975,1/11/2019,19:07,Credit card,68.95,4.761904762,3.4475,7.8,1
407,725-32-9708,B,Mandalay,Member,Female,Fashion accessories,68.71,4,13.742,288.582,1/4/2019,19:01,Cash,274.84,4.761904762,13.742,4.1,1
409,372-26-1506,C,Naypyitaw,Normal,Female,Fashion accessories,23.82,5,5.955,125.055,1/28/2019,19:24,Ewallet,119.1,4.761904762,5.955,5.4,1
410,244-08-0162,B,Mandalay,Normal,Female,Health and beauty,34.21,10,17.105,359.205,1/2/2019,13:00,Cash,342.1,4.761904762,17.105,5.1,1
411,569-71-4390,B,Mandalay,Normal,Male,Sports and travel,21.87,2,2.187,45.927,1/25/2019,14:29,Ewallet,43.74,4.761904762,2.187,6.9,1
412,132-23-6451,A,Yangon,Member,Male,Health and beauty,20.97,5,5.2425,110.0925,1/4/2019,13:21,Cash,104.85,4.761904762,5.2425,7.8,1
415,268-03-6164,B,Mandalay,Normal,Male,Health and beauty,96.11,1,4.8055,100.9155,1/25/2019,16:28,Ewallet,96.11,4.761904762,4.8055,7.8,1
416,750-57-9686,C,Naypyitaw,Normal,Female,Home and lifestyle,45.38,4,9.076,190.596,1/8/2019,13:48,Credit card,181.52,4.761904762,9.076,8.7,1
417,186-09-3669,C,Naypyitaw,Member,Female,Health and beauty,81.51,1,4.0755,85.5855,1/22/2019,10:57,Ewallet,81.51,4.761904762,4.0755,9.2,1
418,848-07-1692,B,Mandalay,Normal,Female,Health and beauty,57.22,2,5.722,120.162,1/12/2019,17:13,Ewallet,114.44,4.761904762,5.722,8.3,1
419,745-71-3520,A,Yangon,Member,Female,Electronic accessories,25.22,7,8.827,185.367,2/4/2019,10:23,Cash,176.54,4.761904762,8.827,8.2,2
421,740-22-2500,C,Naypyitaw,Normal,Female,Electronic accessories,84.05,3,12.6075,264.7575,1/23/2019,13:29,Cash,252.15,4.761904762,12.6075,9.8,1
422,271-88-8734,C,Naypyitaw,Member,Female,Fashion accessories,97.21,10,48.605,1020.705,2/8/2019,13:00,Credit card,972.1,4.761904762,48.605,8.7,2
425,198-84-7132,B,Mandalay,Member,Male,Fashion accessories,40.61,9,18.2745,383.7645,1/2/2019,13:40,Cash,365.49,4.761904762,18.2745,7.0,1
426,269-10-8440,A,Yangon,Member,Male,Health and beauty,53.17,7,18.6095,390.7995,1/21/2019,18:01,Cash,372.19,4.761904762,18.6095,8.9,1
428,741-73-3559,B,Mandalay,Normal,Male,Sports and travel,67.27,5,16.8175,353.1675,2/27/2019,17:27,Cash,336.35,4.761904762,16.8175,6.9,2
430,286-75-7818,B,Mandalay,Normal,Male,Fashion accessories,69.08,2,6.908,145.068,1/31/2019,19:48,Credit card,138.16,4.761904762,6.908,6.9,1
432,459-50-7686,A,Yangon,Normal,Female,Electronic accessories,23.46,6,7.038,147.798,1/13/2019,19:14,Ewallet,140.76,4.761904762,7.038,6.4,1
434,837-55-7229,B,Mandalay,Normal,Female,Fashion accessories,47.44,1,2.372,49.812,2/22/2019,18:19,Credit card,47.44,4.761904762,2.372,6.8,2
436,257-73-1380,C,Naypyitaw,Member,Male,Sports and travel,82.93,4,16.586,348.306,1/20/2019,16:51,Ewallet,331.72,4.761904762,16.586,9.6,1
439,810-60-6344,C,Naypyitaw,Normal,Female,Electronic accessories,40.86,8,16.344,343.224,2/7/2019,14:38,Credit card,326.88,4.761904762,16.344,6.5,2
440,450-28-2866,C,Naypyitaw,Member,Male,Food and beverages,17.44,5,4.36,91.56,1/15/2019,19:25,Cash,87.2,4.761904762,4.36,8.1,1
442,138-17-5109,A,Yangon,Member,Female,Home and lifestyle,89.21,9,40.1445,843.0345,1/15/2019,15:42,Credit card,802.89,4.761904762,40.1445,6.5,1
443,192-98-7397,C,Naypyitaw,Normal,Male,Fashion accessories,12.78,1,0.639,13.419,1/8/2019,14:11,Ewallet,12.78,4.761904762,0.639,9.5,1
444,301-11-9629,A,Yangon,Normal,Female,Sports and travel,19.1,7,6.685,140.385,1/15/2019,10:43,Cash,133.7,4.761904762,6.685,9.7,1
445,390-80-5128,B,Mandalay,Member,Female,Health and beauty,19.15,1,0.9575,20.1075,1/28/2019,17:58,Credit card,19.15,4.761904762,0.9575,9.5,1
446,235-46-8343,C,Naypyitaw,Member,Male,Food and beverages,27.66,10,13.83,290.43,2/14/2019,11:26,Credit card,276.6,4.761904762,13.83,8.9,2
448,296-11-7041,B,Mandalay,Member,Female,Health and beauty,27.07,1,1.3535,28.4235,1/12/2019,20:07,Credit card,27.07,4.761904762,1.3535,5.3,1
450,891-01-7034,B,Mandalay,Normal,Female,Electronic accessories,74.71,6,22.413,470.673,1/1/2019,19:07,Cash,448.26,4.761904762,22.413,6.7,1
451,744-09-5786,B,Mandalay,Normal,Male,Electronic accessories,22.01,6,6.603,138.663,1/2/2019,18:50,Cash,132.06,4.761904762,6.603,7.6,1
454,187-83-5490,A,Yangon,Member,Male,Electronic accessories,20.77,4,4.154,87.234,1/31/2019,13:47,Cash,83.08,4.761904762,4.154,4.7,1
455,767-54-1907,B,Mandalay,Member,Female,Fashion accessories,29.56,5,7.39,155.19,2/13/2019,16:59,Cash,147.8,4.761904762,7.39,6.9,2
456,710-46-4433,B,Mandalay,Member,Female,Food and beverages,77.4,9,34.83,731.43,2/15/2019,14:15,Credit card,696.6,4.761904762,34.83,4.5,2
457,533-33-5337,B,Mandalay,Normal,Male,Electronic accessories,79.39,10,39.695,833.595,2/7/2019,20:24,Cash,793.9,4.761904762,39.695,6.2,2
458,325-90-8763,C,Naypyitaw,Member,Female,Electronic accessories,46.57,10,23.285,488.985,1/27/2019,13:58,Cash,465.7,4.761904762,23.285,7.6,1
459,729-46-7422,C,Naypyitaw,Normal,Male,Food and beverages,35.89,1,1.7945,37.6845,2/23/2019,16:52,Credit card,35.89,4.761904762,1.7945,7.9,2
460,639-76-1242,C,Naypyitaw,Normal,Male,Food and beverages,40.52,5,10.13,212.73,2/3/2019,15:19,Cash,202.6,4.761904762,10.13,4.5,2
462,326-71-2155,C,Naypyitaw,Normal,Female,Sports and travel,73.95,4,14.79,310.59,2/3/2019,10:02,Cash,295.8,4.761904762,14.79,6.1,2
466,440-59-5691,C,Naypyitaw,Member,Female,Health and beauty,37.15,7,13.0025,273.0525,2/8/2019,13:12,Credit card,260.05,4.761904762,13.0025,7.7,2
468,746-19-0921,C,Naypyitaw,Normal,Male,Food and beverages,21.58,1,1.079,22.659,2/9/2019,10:02,Ewallet,21.58,4.761904762,1.079,7.2,2
469,233-34-0817,C,Naypyitaw,Member,Female,Electronic accessories,98.84,1,4.942,103.782,2/15/2019,11:21,Cash,98.84,4.761904762,4.942,8.4,2
470,767-05-1286,C,Naypyitaw,Member,Female,Home and lifestyle,83.77,6,25.131,527.751,1/23/2019,12:10,Ewallet,502.62,4.761904762,25.131,5.4,1
471,340-21-9136,A,Yangon,Member,Female,Sports and travel,40.05,4,8.01,168.21,1/25/2019,11:40,Cash,160.2,4.761904762,8.01,9.7,1
472,405-31-3305,A,Yangon,Member,Male,Fashion accessories,43.13,10,21.565,452.865,2/2/2019,18:31,Credit card,431.3,4.761904762,21.565,5.5,2
475,502-05-1910,A,Yangon,Normal,Male,Health and beauty,65.18,3,9.777,205.317,2/25/2019,20:35,Credit card,195.54,4.761904762,9.777,6.3,2
479,575-67-1508,A,Yangon,Normal,Male,Electronic accessories,38.6,1,1.93,40.53,1/29/2019,11:26,Ewallet,38.6,4.761904762,1.93,6.7,1
480,541-08-3113,C,Naypyitaw,Normal,Male,Food and beverages,65.97,8,26.388,554.148,2/2/2019,20:29,Cash,527.76,4.761904762,26.388,8.4,2
481,246-11-3901,C,Naypyitaw,Normal,Female,Electronic accessories,32.8,10,16.4,344.4,2/15/2019,12:12,Cash,328.0,4.761904762,16.4,6.2,2
482,674-15-9296,A,Yangon,Normal,Male,Sports and travel,37.14,5,9.285,194.985,1/8/2019,13:05,Ewallet,185.7,4.761904762,9.285,5.0,1
483,305-18-3552,B,Mandalay,Member,Male,Home and lifestyle,60.38,10,30.19,633.99,2/12/2019,16:19,Cash,603.8,4.761904762,30.19,6.0,2
484,493-65-6248,C,Naypyitaw,Member,Female,Sports and travel,36.98,10,18.49,388.29,1/1/2019,19:48,Credit card,369.8,4.761904762,18.49,7.0,1
486,709-58-4068,B,Mandalay,Normal,Female,Fashion accessories,41.09,10,20.545,431.445,2/28/2019,14:42,Cash,410.9,4.761904762,20.545,7.3,2
488,556-72-8512,C,Naypyitaw,Normal,Male,Home and lifestyle,22.96,1,1.148,24.108,1/30/2019,20:47,Cash,22.96,4.761904762,1.148,4.3,1
489,627-95-3243,B,Mandalay,Member,Female,Home and lifestyle,77.68,9,34.956,734.076,2/4/2019,13:21,Ewallet,699.12,4.761904762,34.956,9.8,2
494,437-53-3084,B,Mandalay,Normal,Male,Fashion accessories,99.89,2,9.989,209.769,2/26/2019,11:48,Ewallet,199.78,4.761904762,9.989,7.1,2
496,556-97-7101,C,Naypyitaw,Normal,Female,Electronic accessories,63.22,2,6.322,132.762,1/1/2019,15:51,Cash,126.44,4.761904762,6.322,8.5,1
497,862-59-8517,C,Naypyitaw,Normal,Female,Food and beverages,90.24,6,27.072,568.512,1/27/2019,11:17,Cash,541.44,4.761904762,27.072,6.2,1
498,401-18-8016,B,Mandalay,Member,Female,Sports and travel,98.13,1,4.9065,103.0365,1/21/2019,17:36,Cash,98.13,4.761904762,4.9065,8.9,1
499,420-18-8989,A,Yangon,Member,Female,Sports and travel,51.52,8,20.608,432.768,2/2/2019,15:47,Cash,412.16,4.761904762,20.608,9.6,2
500,277-63-2961,B,Mandalay,Member,Male,Sports and travel,73.97,1,3.6985,77.6685,2/3/2019,15:53,Credit card,73.97,4.761904762,3.6985,5.4,2
501,573-98-8548,C,Naypyitaw,Member,Female,Fashion accessories,31.9,1,1.595,33.495,1/5/2019,12:40,Ewallet,31.9,4.761904762,1.595,9.1,1
502,620-02-2046,C,Naypyitaw,Normal,Male,Home and lifestyle,69.4,2,6.94,145.74,1/27/2019,19:48,Ewallet,138.8,4.761904762,6.94,9.0,1
504,511-54-3087,B,Mandalay,Normal,Male,Sports and travel,88.45,1,4.4225,92.8725,2/25/2019,16:36,Credit card,88.45,4.761904762,4.4225,9.5,2
505,726-29-6793,A,Yangon,Member,Male,Electronic accessories,24.18,8,9.672,203.112,1/28/2019,20:54,Ewallet,193.44,4.761904762,9.672,9.8,1
506,387-49-4215,B,Mandalay,Member,Female,Sports and travel,48.5,3,7.275,152.775,1/8/2019,12:50,Cash,145.5,4.761904762,7.275,6.7,1
507,862-17-9201,B,Mandalay,Normal,Female,Food and beverages,84.05,6,25.215,529.515,1/29/2019,10:48,Credit card,504.3,4.761904762,25.215,7.7,1
509,602-80-9671,C,Naypyitaw,Member,Female,Home and lifestyle,15.95,6,4.785,100.485,2/9/2019,17:15,Credit card,95.7,4.761904762,4.785,5.1,2
510,347-72-6115,B,Mandalay,Member,Female,Sports and travel,90.74,7,31.759,666.939,1/16/2019,18:03,Credit card,635.18,4.761904762,31.759,6.2,1
511,209-61-0206,A,Yangon,Normal,Female,Home and lifestyle,42.91,5,10.7275,225.2775,1/5/2019,17:29,Ewallet,214.55,4.761904762,10.7275,6.1,1
512,595-27-4851,A,Yangon,Normal,Female,Fashion accessories,54.28,7,18.998,398.958,1/27/2019,18:05,Ewallet,379.96,4.761904762,18.998,9.3,1
514,503-07-0930,C,Naypyitaw,Member,Male,Sports and travel,58.39,7,20.4365,429.1665,2/23/2019,19:49,Credit card,408.73,4.761904762,20.4365,8.2,2
517,521-18-7827,C,Naypyitaw,Member,Male,Home and lifestyle,39.39,5,9.8475,206.7975,1/22/2019,20:46,Credit card,196.95,4.761904762,9.8475,8.7,1
519,600-38-9738,C,Naypyitaw,Member,Male,Sports and travel,71.92,5,17.98,377.58,1/17/2019,15:05,Credit card,359.6,4.761904762,17.98,4.3,1
522,609-81-8548,A,Yangon,Member,Female,Home and lifestyle,37.44,6,11.232,235.872,2/6/2019,13:55,Credit card,224.64,4.761904762,11.232,5.9,2
523,133-14-7229,C,Naypyitaw,Normal,Male,Health and beauty,62.87,2,6.287,132.027,1/1/2019,11:43,Cash,125.74,4.761904762,6.287,5.0,1
524,534-01-4457,A,Yangon,Normal,Male,Food and beverages,81.71,6,24.513,514.773,1/27/2019,14:36,Credit card,490.26,4.761904762,24.513,8.0,1
525,719-89-8991,A,Yangon,Member,Female,Sports and travel,91.41,5,22.8525,479.9025,2/25/2019,16:03,Ewallet,457.05,4.761904762,22.8525,7.1,2
526,286-62-6248,B,Mandalay,Normal,Male,Fashion accessories,39.21,4,7.842,164.682,1/16/2019,20:03,Credit card,156.84,4.761904762,7.842,9.0,1
527,339-38-9982,B,Mandalay,Member,Male,Fashion accessories,59.86,2,5.986,125.706,1/13/2019,14:55,Ewallet,119.72,4.761904762,5.986,6.7,1
528,827-44-5872,B,Mandalay,Member,Female,Food and beverages,54.36,10,27.18,570.78,2/7/2019,11:28,Credit card,543.6,4.761904762,27.18,6.1,2
529,827-77-7633,A,Yangon,Normal,Male,Sports and travel,98.09,9,44.1405,926.9505,2/17/2019,19:41,Cash,882.81,4.761904762,44.1405,9.3,2
530,287-83-1405,A,Yangon,Normal,Male,Health and beauty,25.43,6,7.629,160.209,2/12/2019,19:01,Ewallet,152.58,4.761904762,7.629,7.0,2
531,435-13-4908,A,Yangon,Member,Male,Fashion accessories,86.68,8,34.672,728.112,1/24/2019,18:04,Credit card,693.44,4.761904762,34.672,7.2,1
532,857-67-9057,B,Mandalay,Normal,Male,Electronic accessories,22.95,10,11.475,240.975,2/6/2019,19:20,Ewallet,229.5,4.761904762,11.475,8.2,2
535,583-41-4548,C,Naypyitaw,Normal,Male,Home and lifestyle,16.67,7,5.8345,122.5245,2/7/2019,11:36,Ewallet,116.69,4.761904762,5.8345,7.4,2
536,339-12-4827,B,Mandalay,Member,Female,Fashion accessories,73.96,1,3.698,77.658,1/5/2019,11:32,Credit card,73.96,4.761904762,3.698,5.0,1
538,308-81-0538,A,Yangon,Normal,Female,Fashion accessories,73.05,4,14.61,306.81,2/25/2019,17:16,Credit card,292.2,4.761904762,14.61,4.9,2
539,358-88-9262,C,Naypyitaw,Member,Female,Food and beverages,87.48,6,26.244,551.124,2/1/2019,18:43,Ewallet,524.88,4.761904762,26.244,5.1,2
540,460-35-4390,A,Yangon,Normal,Male,Home and lifestyle,30.68,3,4.602,96.642,1/22/2019,11:00,Ewallet,92.04,4.761904762,4.602,9.1,1
541,343-87-0864,C,Naypyitaw,Member,Male,Health and beauty,75.88,1,3.794,79.674,1/3/2019,10:30,Credit card,75.88,4.761904762,3.794,7.1,1
542,173-50-1108,B,Mandalay,Member,Female,Sports and travel,20.18,4,4.036,84.756,2/13/2019,12:14,Credit card,80.72,4.761904762,4.036,5.0,2
543,243-47-2663,C,Naypyitaw,Member,Male,Electronic accessories,18.77,6,5.631,118.251,1/28/2019,16:43,Credit card,112.62,4.761904762,5.631,5.5,1
544,841-18-8232,B,Mandalay,Normal,Female,Food and beverages,71.2,1,3.56,74.76,1/5/2019,20:40,Credit card,71.2,4.761904762,3.56,9.2,1
546,647-50-1224,A,Yangon,Normal,Female,Fashion accessories,29.42,10,14.71,308.91,1/12/2019,16:23,Ewallet,294.2,4.761904762,14.71,8.9,1
547,541-48-8554,A,Yangon,Normal,Male,Sports and travel,60.95,9,27.4275,575.9775,1/7/2019,12:08,Credit card,548.55,4.761904762,27.4275,6.0,1
548,539-21-7227,B,Mandalay,Normal,Female,Sports and travel,51.54,5,12.885,270.585,1/26/2019,17:45,Cash,257.7,4.761904762,12.885,4.2,1
549,213-32-1216,A,Yangon,Normal,Female,Electronic accessories,66.06,6,19.818,416.178,1/23/2019,10:28,Cash,396.36,4.761904762,19.818,7.3,1
550,747-58-7183,B,Mandalay,Normal,Male,Fashion accessories,57.27,3,8.5905,180.4005,2/9/2019,20:31,Ewallet,171.81,4.761904762,8.5905,6.5,2
551,582-52-8065,B,Mandalay,Normal,Female,Fashion accessories,54.31,9,24.4395,513.2295,2/22/2019,10:49,Cash,488.79,4.761904762,24.4395,8.9,2
552,210-57-1719,B,Mandalay,Normal,Female,Health and beauty,58.24,9,26.208,550.368,2/5/2019,12:34,Cash,524.16,4.761904762,26.208,9.7,2
555,356-44-8813,B,Mandalay,Normal,Male,Home and lifestyle,37.48,3,5.622,118.062,1/20/2019,13:45,Credit card,112.44,4.761904762,5.622,7.7,1
556,198-66-9832,B,Mandalay,Member,Female,Fashion accessories,72.04,2,7.204,151.284,2/4/2019,19:38,Cash,144.08,4.761904762,7.204,9.5,2
557,283-26-5248,C,Naypyitaw,Member,Female,Food and beverages,98.52,10,49.26,1034.46,1/30/2019,20:23,Ewallet,985.2,4.761904762,49.26,4.5,1
558,712-39-0363,A,Yangon,Member,Male,Food and beverages,41.66,6,12.498,262.458,1/2/2019,15:24,Ewallet,249.96,4.761904762,12.498,5.6,1
561,866-99-7614,C,Naypyitaw,Normal,Male,Food and beverages,89.2,10,44.6,936.6,2/11/2019,15:42,Credit card,892.0,4.761904762,44.6,4.4,2
562,134-54-4720,B,Mandalay,Normal,Female,Electronic accessories,42.42,8,16.968,356.328,1/30/2019,13:58,Ewallet,339.36,4.761904762,16.968,5.7,1
565,698-98-5964,A,Yangon,Normal,Female,Food and beverages,81.21,10,40.605,852.705,1/17/2019,13:01,Credit card,812.1,4.761904762,40.605,6.3,1
566,718-57-9773,C,Naypyitaw,Normal,Female,Sports and travel,49.33,10,24.665,517.965,2/3/2019,16:40,Credit card,493.3,4.761904762,24.665,9.4,2
567,651-88-7328,A,Yangon,Normal,Female,Fashion accessories,65.74,9,29.583,621.243,1/1/2019,13:55,Cash,591.66,4.761904762,29.583,7.7,1
568,241-11-2261,B,Mandalay,Normal,Female,Fashion accessories,79.86,7,27.951,586.971,1/10/2019,10:33,Credit card,559.02,4.761904762,27.951,5.5,1
570,834-83-1826,B,Mandalay,Member,Female,Home and lifestyle,82.04,5,20.51,430.71,2/25/2019,17:16,Credit card,410.2,4.761904762,20.51,7.6,2
571,343-61-3544,B,Mandalay,Member,Male,Sports and travel,26.67,10,13.335,280.035,1/29/2019,11:48,Cash,266.7,4.761904762,13.335,8.6,1
573,355-34-6244,B,Mandalay,Normal,Male,Food and beverages,72.39,2,7.239,152.019,1/13/2019,19:55,Credit card,144.78,4.761904762,7.239,8.1,1
576,458-61-0011,B,Mandalay,Normal,Male,Food and beverages,60.3,4,12.06,253.26,2/20/2019,18:43,Cash,241.2,4.761904762,12.06,5.8,2
577,592-34-6155,C,Naypyitaw,Normal,Male,Food and beverages,31.77,4,6.354,133.434,1/14/2019,14:43,Ewallet,127.08,4.761904762,6.354,6.2,1
580,390-31-6381,C,Naypyitaw,Normal,Male,Food and beverages,27.22,3,4.083,85.743,1/7/2019,12:37,Cash,81.66,4.761904762,4.083,7.3,1
581,443-82-0585,A,Yangon,Member,Female,Health and beauty,77.68,4,15.536,326.256,2/1/2019,19:54,Cash,310.72,4.761904762,15.536,8.4,2
582,339-18-7061,C,Naypyitaw,Member,Female,Fashion accessories,92.98,2,9.298,195.258,2/13/2019,15:06,Credit card,185.96,4.761904762,9.298,8.0,2
583,359-90-3665,B,Mandalay,Member,Female,Fashion accessories,18.08,4,3.616,75.936,1/14/2019,18:03,Credit card,72.32,4.761904762,3.616,9.5,1
584,375-72-3056,B,Mandalay,Normal,Male,Sports and travel,63.06,3,9.459,198.639,1/19/2019,15:58,Ewallet,189.18,4.761904762,9.459,7.0,1
587,695-28-6250,A,Yangon,Normal,Female,Sports and travel,43.06,5,10.765,226.065,2/4/2019,16:38,Ewallet,215.3,4.761904762,10.765,7.7,2
591,788-07-8452,C,Naypyitaw,Member,Female,Home and lifestyle,24.24,7,8.484,178.164,1/27/2019,17:38,Ewallet,169.68,4.761904762,8.484,9.4,1
592,560-49-6611,A,Yangon,Member,Female,Sports and travel,45.58,1,2.279,47.859,2/7/2019,14:13,Cash,45.58,4.761904762,2.279,9.8,2
593,880-35-0356,A,Yangon,Member,Female,Sports and travel,75.2,3,11.28,236.88,2/5/2019,11:51,Ewallet,225.6,4.761904762,11.28,4.8,2
596,152-68-2907,A,Yangon,Normal,Male,Food and beverages,52.2,3,7.83,164.43,2/15/2019,13:30,Credit card,156.6,4.761904762,7.83,9.5,2
597,123-35-4896,C,Naypyitaw,Normal,Female,Sports and travel,46.66,9,20.997,440.937,2/17/2019,19:11,Ewallet,419.94,4.761904762,20.997,5.3,2
598,258-69-7810,C,Naypyitaw,Normal,Female,Fashion accessories,36.85,5,9.2125,193.4625,1/26/2019,18:53,Cash,184.25,4.761904762,9.2125,9.2,1
600,219-61-4139,C,Naypyitaw,Normal,Male,Electronic accessories,83.08,1,4.154,87.234,1/23/2019,17:16,Ewallet,83.08,4.761904762,4.154,6.4,1
601,881-41-7302,C,Naypyitaw,Normal,Female,Fashion accessories,64.99,1,3.2495,68.2395,1/26/2019,10:06,Credit card,64.99,4.761904762,3.2495,4.5,1
604,484-22-8230,C,Naypyitaw,Member,Female,Fashion accessories,51.89,7,18.1615,381.3915,1/8/2019,20:08,Cash,363.23,4.761904762,18.1615,4.5,1
605,830-58-2383,B,Mandalay,Normal,Male,Home and lifestyle,31.75,4,6.35,133.35,2/8/2019,15:26,Cash,127.0,4.761904762,6.35,8.6,2
606,559-98-9873,A,Yangon,Member,Female,Fashion accessories,53.65,7,18.7775,394.3275,2/10/2019,12:56,Ewallet,375.55,4.761904762,18.7775,5.2,2
608,318-12-0304,A,Yangon,Normal,Male,Fashion accessories,30.61,1,1.5305,32.1405,1/23/2019,12:20,Ewallet,30.61,4.761904762,1.5305,5.2,1
609,349-97-8902,B,Mandalay,Member,Male,Food and beverages,57.89,2,5.789,121.569,1/17/2019,10:37,Ewallet,115.78,4.761904762,5.789,8.9,1
610,421-95-9805,A,Yangon,Normal,Female,Electronic accessories,28.96,1,1.448,30.408,2/7/2019,10:18,Credit card,28.96,4.761904762,1.448,6.2,2
612,789-23-8625,B,Mandalay,Member,Male,Fashion accessories,93.22,3,13.983,293.643,1/24/2019,11:45,Cash,279.66,4.761904762,13.983,7.2,1
613,284-54-4231,C,Naypyitaw,Member,Male,Sports and travel,80.93,1,4.0465,84.9765,1/19/2019,16:08,Credit card,80.93,4.761904762,4.0465,9.0,1
614,443-59-0061,A,Yangon,Member,Male,Food and beverages,67.45,10,33.725,708.225,2/3/2019,11:25,Ewallet,674.5,4.761904762,33.725,4.2,2
616,327-40-9673,B,Mandalay,Member,Male,Sports and travel,72.6,6,21.78,457.38,1/13/2019,19:51,Cash,435.6,4.761904762,21.78,6.9,1
618,828-46-6863,A,Yangon,Member,Male,Food and beverages,98.53,6,29.559,620.739,1/23/2019,11:22,Credit card,591.18,4.761904762,29.559,4.0,1
619,641-96-3695,C,Naypyitaw,Member,Female,Fashion accessories,43.46,6,13.038,273.798,2/7/2019,17:55,Ewallet,260.76,4.761904762,13.038,8.5,2
622,670-79-6321,B,Mandalay,Member,Female,Home and lifestyle,94.59,7,33.1065,695.2365,1/17/2019,15:27,Credit card,662.13,4.761904762,33.1065,4.9,1
623,852-62-7105,B,Mandalay,Normal,Female,Fashion accessories,83.25,10,41.625,874.125,1/12/2019,11:25,Credit card,832.5,4.761904762,41.625,4.4,1
624,598-06-7312,B,Mandalay,Member,Male,Fashion accessories,91.35,1,4.5675,95.9175,2/16/2019,15:42,Cash,91.35,4.761904762,4.5675,6.8,2
625,135-13-8269,B,Mandalay,Member,Female,Food and beverages,78.88,2,7.888,165.648,1/26/2019,16:04,Cash,157.76,4.761904762,7.888,9.1,1
628,856-66-2701,A,Yangon,Member,Male,Home and lifestyle,53.3,3,7.995,167.895,1/25/2019,14:19,Ewallet,159.9,4.761904762,7.995,7.5,1
629,308-39-1707,A,Yangon,Normal,Female,Fashion accessories,12.09,1,0.6045,12.6945,1/26/2019,18:19,Credit card,12.09,4.761904762,0.6045,8.2,1
630,149-61-1929,A,Yangon,Normal,Male,Sports and travel,64.19,10,32.095,673.995,1/19/2019,14:08,Credit card,641.9,4.761904762,32.095,6.7,1
632,589-02-8023,A,Yangon,Member,Male,Food and beverages,83.77,2,8.377,175.917,1/15/2019,10:54,Credit card,167.54,4.761904762,8.377,7.0,1
635,188-55-0967,B,Mandalay,Member,Male,Health and beauty,66.47,10,33.235,697.935,1/15/2019,15:01,Credit card,664.7,4.761904762,33.235,5.0,1
639,665-63-9737,B,Mandalay,Normal,Male,Fashion accessories,52.42,3,7.863,165.123,2/27/2019,17:36,Ewallet,157.26,4.761904762,7.863,7.5,2
640,695-09-5146,B,Mandalay,Member,Female,Food and beverages,98.79,3,14.8185,311.1885,2/23/2019,20:00,Ewallet,296.37,4.761904762,14.8185,6.4,2
644,273-84-2164,C,Naypyitaw,Member,Male,Electronic accessories,12.05,5,3.0125,63.2625,2/16/2019,15:53,Ewallet,60.25,4.761904762,3.0125,5.5,2
645,706-36-6154,A,Yangon,Member,Male,Home and lifestyle,19.36,9,8.712,182.952,1/18/2019,18:43,Ewallet,174.24,4.761904762,8.712,8.7,1
648,859-71-0933,C,Naypyitaw,Member,Female,Sports and travel,15.49,2,1.549,32.529,1/16/2019,15:10,Cash,30.98,4.761904762,1.549,6.3,1
649,740-11-5257,C,Naypyitaw,Normal,Male,Electronic accessories,24.74,10,12.37,259.77,2/24/2019,16:44,Cash,247.4,4.761904762,12.37,7.1,2
650,369-82-2676,B,Mandalay,Normal,Male,Electronic accessories,75.66,5,18.915,397.215,1/15/2019,18:22,Ewallet,378.3,4.761904762,18.915,7.8,1
651,563-47-4072,B,Mandalay,Normal,Female,Health and beauty,55.81,6,16.743,351.603,1/22/2019,11:52,Cash,334.86,4.761904762,16.743,9.9,1
652,742-04-5161,A,Yangon,Member,Male,Home and lifestyle,72.78,10,36.39,764.19,2/3/2019,17:24,Cash,727.8,4.761904762,36.39,7.3,2
654,133-77-3154,B,Mandalay,Member,Male,Fashion accessories,60.18,4,12.036,252.756,2/16/2019,18:04,Credit card,240.72,4.761904762,12.036,9.4,2
656,250-81-7186,C,Naypyitaw,Normal,Female,Electronic accessories,99.69,1,4.9845,104.6745,2/27/2019,10:23,Credit card,99.69,4.761904762,4.9845,8.0,2
657,562-12-5430,A,Yangon,Member,Female,Fashion accessories,88.15,3,13.2225,277.6725,1/18/2019,10:11,Ewallet,264.45,4.761904762,13.2225,7.9,1
658,816-72-8853,A,Yangon,Member,Female,Sports and travel,27.93,5,6.9825,146.6325,1/29/2019,15:48,Cash,139.65,4.761904762,6.9825,5.9,1
659,491-38-3499,A,Yangon,Member,Male,Fashion accessories,55.45,1,2.7725,58.2225,2/26/2019,17:46,Credit card,55.45,4.761904762,2.7725,4.9,2
660,322-02-2271,B,Mandalay,Normal,Female,Sports and travel,42.97,3,6.4455,135.3555,2/3/2019,11:46,Cash,128.91,4.761904762,6.4455,9.3,2
661,842-29-4695,C,Naypyitaw,Member,Male,Sports and travel,17.14,7,5.999,125.979,1/16/2019,12:07,Credit card,119.98,4.761904762,5.999,7.9,1
663,641-51-2661,C,Naypyitaw,Member,Female,Food and beverages,87.1,10,43.55,914.55,2/12/2019,14:45,Credit card,871.0,4.761904762,43.55,9.9,2
664,714-02-3114,C,Naypyitaw,Normal,Female,Sports and travel,98.8,2,9.88,207.48,2/21/2019,11:39,Cash,197.6,4.761904762,9.88,7.7,2
665,518-17-2983,A,Yangon,Normal,Female,Fashion accessories,48.63,4,9.726,204.246,2/4/2019,15:44,Ewallet,194.52,4.761904762,9.726,7.6,2
666,779-42-2410,B,Mandalay,Member,Male,Food and beverages,57.74,3,8.661,181.881,2/20/2019,13:06,Ewallet,173.22,4.761904762,8.661,7.7,2
667,190-14-3147,B,Mandalay,Normal,Female,Health and beauty,17.97,4,3.594,75.474,2/23/2019,20:43,Ewallet,71.88,4.761904762,3.594,6.4,2
668,408-66-6712,C,Naypyitaw,Member,Female,Health and beauty,47.71,6,14.313,300.573,2/16/2019,14:19,Ewallet,286.26,4.761904762,14.313,4.4,2
669,679-22-6530,B,Mandalay,Normal,Female,Sports and travel,40.62,2,4.062,85.302,1/17/2019,10:01,Credit card,81.24,4.761904762,4.062,4.1,1
670,588-47-8641,A,Yangon,Member,Male,Fashion accessories,56.04,10,28.02,588.42,1/14/2019,19:30,Ewallet,560.4,4.761904762,28.02,4.4,1
673,556-41-6224,C,Naypyitaw,Normal,Male,Health and beauty,33.64,8,13.456,282.576,2/15/2019,17:10,Credit card,269.12,4.761904762,13.456,9.3,2
675,242-11-3142,B,Mandalay,Member,Male,Fashion accessories,83.77,2,8.377,175.917,2/24/2019,19:57,Cash,167.54,4.761904762,8.377,4.6,2
676,752-23-3760,B,Mandalay,Member,Female,Sports and travel,64.08,7,22.428,470.988,2/19/2019,19:29,Credit card,448.56,4.761904762,22.428,7.3,2
677,274-05-5470,A,Yangon,Member,Female,Food and beverages,73.47,4,14.694,308.574,2/23/2019,18:30,Cash,293.88,4.761904762,14.694,6.0,2
678,648-94-3045,C,Naypyitaw,Normal,Male,Health and beauty,58.95,10,29.475,618.975,2/7/2019,14:27,Ewallet,589.5,4.761904762,29.475,8.1,2
679,130-67-4723,A,Yangon,Member,Male,Food and beverages,48.5,6,14.55,305.55,1/11/2019,13:57,Ewallet,291.0,4.761904762,14.55,9.4,1
680,528-87-5606,B,Mandalay,Member,Female,Electronic accessories,39.48,1,1.974,41.454,2/12/2019,19:43,Cash,39.48,4.761904762,1.974,6.5,2
681,320-85-2052,B,Mandalay,Normal,Female,Sports and travel,34.81,1,1.7405,36.5505,1/14/2019,10:11,Credit card,34.81,4.761904762,1.7405,7.0,1
682,370-96-0655,C,Naypyitaw,Normal,Female,Fashion accessories,49.32,6,14.796,310.716,1/9/2019,13:46,Ewallet,295.92,4.761904762,14.796,7.1,1
683,105-10-6182,A,Yangon,Member,Male,Fashion accessories,21.48,2,2.148,45.108,2/27/2019,12:22,Ewallet,42.96,4.761904762,2.148,6.6,2
684,510-79-0415,B,Mandalay,Member,Female,Sports and travel,23.08,6,6.924,145.404,1/24/2019,19:20,Ewallet,138.48,4.761904762,6.924,4.9,1
685,241-96-5076,B,Mandalay,Member,Female,Home and lifestyle,49.1,2,4.91,103.11,1/8/2019,12:58,Credit card,98.2,4.761904762,4.91,6.4,1
686,767-97-4650,B,Mandalay,Member,Female,Sports and travel,64.83,2,6.483,136.143,1/8/2019,11:59,Credit card,129.66,4.761904762,6.483,8.0,1
687,648-83-1321,A,Yangon,Member,Male,Home and lifestyle,63.56,10,31.78,667.38,1/16/2019,17:59,Cash,635.6,4.761904762,31.78,4.3,1
689,305-03-2383,A,Yangon,Normal,Female,Food and beverages,67.1,3,10.065,211.365,2/15/2019,10:36,Cash,201.3,4.761904762,10.065,7.5,2
690,394-55-6384,C,Naypyitaw,Member,Female,Sports and travel,70.19,9,31.5855,663.2955,1/25/2019,13:38,Cash,631.71,4.761904762,31.5855,6.7,1
693,196-01-2849,C,Naypyitaw,Member,Female,Fashion accessories,73.38,7,25.683,539.343,2/10/2019,13:56,Cash,513.66,4.761904762,25.683,9.5,2
694,372-62-5264,C,Naypyitaw,Normal,Female,Food and beverages,52.6,9,23.67,497.07,1/16/2019,14:42,Cash,473.4,4.761904762,23.67,7.6,1
695,800-09-8606,A,Yangon,Member,Female,Home and lifestyle,87.37,5,21.8425,458.6925,1/29/2019,19:45,Cash,436.85,4.761904762,21.8425,6.6,1
696,182-52-7000,A,Yangon,Member,Female,Sports and travel,27.04,4,5.408,113.568,1/1/2019,20:26,Ewallet,108.16,4.761904762,5.408,6.9,1
697,826-58-8051,B,Mandalay,Normal,Male,Home and lifestyle,62.19,4,12.438,261.198,1/6/2019,19:46,Ewallet,248.76,4.761904762,12.438,4.3,1
698,868-06-0466,A,Yangon,Member,Male,Electronic accessories,69.58,9,31.311,657.531,2/19/2019,19:38,Credit card,626.22,4.761904762,31.311,7.8,2
699,751-41-9720,C,Naypyitaw,Normal,Male,Home and lifestyle,97.5,10,48.75,1023.75,1/12/2019,16:18,Ewallet,975.0,4.761904762,48.75,8.0,1
700,626-43-7888,C,Naypyitaw,Normal,Female,Fashion accessories,60.41,8,24.164,507.444,2/7/2019,12:23,Ewallet,483.28,4.761904762,24.164,9.6,2
702,191-29-0321,B,Mandalay,Member,Female,Fashion accessories,19.77,10,9.885,207.585,2/27/2019,18:57,Credit card,197.7,4.761904762,9.885,5.0,2
703,729-06-2010,B,Mandalay,Member,Male,Health and beauty,80.47,9,36.2115,760.4415,1/6/2019,11:18,Cash,724.23,4.761904762,36.2115,9.2,1
706,834-45-5519,B,Mandalay,Normal,Female,Electronic accessories,43.0,4,8.6,180.6,1/31/2019,20:48,Ewallet,172.0,4.761904762,8.6,7.6,1
707,162-65-8559,C,Naypyitaw,Member,Male,Food and beverages,68.98,1,3.449,72.429,1/21/2019,20:13,Cash,68.98,4.761904762,3.449,4.8,1
708,760-27-5490,C,Naypyitaw,Normal,Male,Fashion accessories,15.62,8,6.248,131.208,1/20/2019,20:37,Ewallet,124.96,4.761904762,6.248,9.1,1
709,445-30-9252,A,Yangon,Normal,Male,Sports and travel,25.7,3,3.855,80.955,1/17/2019,17:59,Ewallet,77.1,4.761904762,3.855,6.1,1
710,786-94-2700,A,Yangon,Member,Male,Food and beverages,80.62,6,24.186,507.906,2/28/2019,20:18,Cash,483.72,4.761904762,24.186,9.1,2
712,183-21-3799,C,Naypyitaw,Normal,Female,Electronic accessories,77.63,9,34.9335,733.6035,2/19/2019,15:14,Ewallet,698.67,4.761904762,34.9335,7.2,2
713,268-20-3585,C,Naypyitaw,Normal,Female,Health and beauty,13.85,9,6.2325,130.8825,2/4/2019,12:50,Ewallet,124.65,4.761904762,6.2325,6.0,2
714,735-32-9839,C,Naypyitaw,Member,Male,Fashion accessories,98.7,8,39.48,829.08,1/31/2019,10:36,Ewallet,789.6,4.761904762,39.48,8.5,1
715,258-92-7466,A,Yangon,Normal,Female,Health and beauty,35.68,5,8.92,187.32,2/6/2019,18:33,Credit card,178.4,4.761904762,8.92,6.6,2
717,482-17-1179,A,Yangon,Member,Male,Electronic accessories,11.94,3,1.791,37.611,1/19/2019,12:47,Credit card,35.82,4.761904762,1.791,8.1,1
718,788-21-5741,A,Yangon,Normal,Male,Fashion accessories,45.38,3,6.807,142.947,2/17/2019,13:34,Credit card,136.14,4.761904762,6.807,7.2,2
719,821-14-9046,B,Mandalay,Member,Female,Fashion accessories,17.48,6,5.244,110.124,1/18/2019,15:04,Credit card,104.88,4.761904762,5.244,6.1,1
720,418-05-0656,B,Mandalay,Normal,Female,Fashion accessories,25.56,7,8.946,187.866,2/2/2019,20:42,Cash,178.92,4.761904762,8.946,7.1,2
721,678-79-0726,C,Naypyitaw,Member,Female,Sports and travel,90.63,9,40.7835,856.4535,1/18/2019,15:28,Cash,815.67,4.761904762,40.7835,5.1,1
723,592-46-1692,C,Naypyitaw,Member,Female,Food and beverages,36.77,7,12.8695,270.2595,1/11/2019,20:10,Cash,257.39,4.761904762,12.8695,7.4,1
724,434-35-9162,B,Mandalay,Member,Male,Food and beverages,23.34,4,4.668,98.028,2/4/2019,18:53,Ewallet,93.36,4.761904762,4.668,7.4,2
725,149-14-0304,C,Naypyitaw,Member,Female,Health and beauty,28.5,8,11.4,239.4,2/6/2019,14:24,Cash,228.0,4.761904762,11.4,6.6,2
726,442-44-6497,C,Naypyitaw,Member,Male,Home and lifestyle,55.57,3,8.3355,175.0455,1/8/2019,11:42,Credit card,166.71,4.761904762,8.3355,5.9,1
731,635-28-5728,A,Yangon,Normal,Male,Health and beauty,56.0,3,8.4,176.4,2/28/2019,19:33,Ewallet,168.0,4.761904762,8.4,4.8,2
732,756-49-0168,A,Yangon,Member,Male,Fashion accessories,19.7,1,0.985,20.685,2/8/2019,11:39,Ewallet,19.7,4.761904762,0.985,9.5,2
733,438-23-1242,B,Mandalay,Normal,Male,Electronic accessories,75.88,7,26.558,557.718,1/24/2019,10:38,Ewallet,531.16,4.761904762,26.558,8.9,1
737,137-63-5492,C,Naypyitaw,Normal,Male,Electronic accessories,58.76,10,29.38,616.98,1/29/2019,14:26,Ewallet,587.6,4.761904762,29.38,9.0,1
738,197-77-7132,B,Mandalay,Member,Male,Electronic accessories,91.56,8,36.624,769.104,1/12/2019,18:22,Ewallet,732.48,4.761904762,36.624,6.0,1
741,451-73-2711,C,Naypyitaw,Normal,Male,Food and beverages,84.83,1,4.2415,89.0715,1/14/2019,15:20,Ewallet,84.83,4.761904762,4.2415,8.8,1
742,373-14-0504,A,Yangon,Member,Female,Sports and travel,71.63,2,7.163,150.423,2/12/2019,14:33,Ewallet,143.26,4.761904762,7.163,8.8,2
743,546-80-2899,A,Yangon,Member,Male,Home and lifestyle,37.69,2,3.769,79.149,2/20/2019,15:29,Ewallet,75.38,4.761904762,3.769,9.5,2
744,345-68-9016,C,Naypyitaw,Member,Female,Sports and travel,31.67,8,12.668,266.028,1/2/2019,16:19,Credit card,253.36,4.761904762,12.668,5.6,1
745,390-17-5806,C,Naypyitaw,Member,Female,Food and beverages,38.42,1,1.921,40.341,2/2/2019,16:33,Cash,38.42,4.761904762,1.921,8.6,2
746,457-13-1708,B,Mandalay,Member,Male,Fashion accessories,65.23,10,32.615,684.915,1/8/2019,19:07,Credit card,652.3,4.761904762,32.615,5.2,1
747,664-14-2882,C,Naypyitaw,Member,Female,Home and lifestyle,10.53,5,2.6325,55.2825,1/30/2019,14:43,Credit card,52.65,4.761904762,2.6325,5.8,1
749,314-23-4520,C,Naypyitaw,Member,Male,Health and beauty,81.23,7,28.4305,597.0405,1/15/2019,20:44,Cash,568.61,4.761904762,28.4305,9.0,1
751,585-86-8361,A,Yangon,Normal,Female,Food and beverages,27.28,5,6.82,143.22,2/3/2019,10:31,Credit card,136.4,4.761904762,6.82,8.6,2
752,807-14-7833,A,Yangon,Member,Female,Electronic accessories,17.42,10,8.71,182.91,2/22/2019,12:30,Ewallet,174.2,4.761904762,8.71,7.0,2
753,775-72-1988,B,Mandalay,Normal,Male,Home and lifestyle,73.28,5,18.32,384.72,1/24/2019,15:05,Ewallet,366.4,4.761904762,18.32,8.4,1
754,288-38-3758,C,Naypyitaw,Member,Female,Fashion accessories,84.87,3,12.7305,267.3405,1/25/2019,18:30,Ewallet,254.61,4.761904762,12.7305,7.4,1
756,785-96-0615,B,Mandalay,Member,Female,Electronic accessories,35.74,8,14.296,300.216,2/17/2019,15:28,Ewallet,285.92,4.761904762,14.296,4.9,2
757,406-46-7107,A,Yangon,Normal,Female,Home and lifestyle,96.52,6,28.956,608.076,1/11/2019,11:52,Cash,579.12,4.761904762,28.956,4.5,1
758,250-17-5703,A,Yangon,Member,Male,Food and beverages,18.85,10,9.425,197.925,2/27/2019,18:24,Ewallet,188.5,4.761904762,9.425,5.6,2
760,842-40-8179,B,Mandalay,Member,Female,Food and beverages,77.2,10,38.6,810.6,2/11/2019,10:38,Credit card,772.0,4.761904762,38.6,5.6,2
761,525-09-8450,B,Mandalay,Normal,Male,Electronic accessories,72.13,10,36.065,757.365,1/31/2019,15:12,Credit card,721.3,4.761904762,36.065,4.2,1
762,410-67-1709,A,Yangon,Member,Female,Fashion accessories,63.88,8,25.552,536.592,1/20/2019,17:48,Ewallet,511.04,4.761904762,25.552,9.9,1
764,787-87-2010,A,Yangon,Member,Male,Health and beauty,55.5,4,11.1,233.1,1/20/2019,15:48,Credit card,222.0,4.761904762,11.1,6.6,1
766,801-88-0346,C,Naypyitaw,Normal,Female,Fashion accessories,76.06,3,11.409,239.589,1/5/2019,20:30,Credit card,228.18,4.761904762,11.409,9.8,1
767,388-76-2555,B,Mandalay,Normal,Male,Sports and travel,13.69,6,4.107,86.247,2/13/2019,13:59,Cash,82.14,4.761904762,4.107,6.3,2
769,886-54-6089,A,Yangon,Normal,Female,Home and lifestyle,11.43,6,3.429,72.009,1/15/2019,17:24,Cash,68.58,4.761904762,3.429,7.7,1
770,707-32-7409,B,Mandalay,Member,Female,Sports and travel,95.54,4,19.108,401.268,2/26/2019,11:58,Ewallet,382.16,4.761904762,19.108,4.5,2
771,759-98-4285,C,Naypyitaw,Member,Female,Health and beauty,85.87,7,30.0545,631.1445,2/27/2019,19:01,Credit card,601.09,4.761904762,30.0545,8.0,2
772,201-63-8275,C,Naypyitaw,Member,Female,Sports and travel,67.99,7,23.7965,499.7265,2/17/2019,16:50,Ewallet,475.93,4.761904762,23.7965,5.7,2
773,471-06-8611,C,Naypyitaw,Normal,Female,Food and beverages,52.42,1,2.621,55.041,2/6/2019,10:22,Credit card,52.42,4.761904762,2.621,6.3,2
774,200-16-5952,C,Naypyitaw,Member,Male,Food and beverages,65.65,2,6.565,137.865,1/17/2019,16:46,Cash,131.3,4.761904762,6.565,6.0,1
775,120-54-2248,B,Mandalay,Normal,Female,Food and beverages,28.86,5,7.215,151.515,1/22/2019,18:08,Credit card,144.3,4.761904762,7.215,8.0,1
777,875-31-8302,B,Mandalay,Normal,Male,Sports and travel,93.38,1,4.669,98.049,1/3/2019,13:07,Cash,93.38,4.761904762,4.669,9.6,1
779,457-94-0464,B,Mandalay,Member,Male,Electronic accessories,87.87,9,39.5415,830.3715,1/31/2019,20:32,Ewallet,790.83,4.761904762,39.5415,5.6,1
780,629-42-4133,C,Naypyitaw,Normal,Male,Health and beauty,21.8,8,8.72,183.12,2/19/2019,19:24,Cash,174.4,4.761904762,8.72,8.3,2
781,534-53-3526,A,Yangon,Normal,Female,Sports and travel,94.76,4,18.952,397.992,2/11/2019,16:06,Ewallet,379.04,4.761904762,18.952,7.8,2
782,307-04-2070,A,Yangon,Member,Female,Fashion accessories,30.62,1,1.531,32.151,2/5/2019,14:14,Credit card,30.62,4.761904762,1.531,4.1,2
784,516-77-6464,C,Naypyitaw,Member,Female,Health and beauty,10.16,5,2.54,53.34,2/24/2019,13:08,Ewallet,50.8,4.761904762,2.54,4.1,2
785,404-91-5964,A,Yangon,Normal,Male,Electronic accessories,74.58,7,26.103,548.163,2/4/2019,16:09,Credit card,522.06,4.761904762,26.103,9.0,2
786,886-77-9084,C,Naypyitaw,Normal,Male,Electronic accessories,71.89,8,28.756,603.876,2/19/2019,11:33,Ewallet,575.12,4.761904762,28.756,5.5,2
787,790-38-4466,C,Naypyitaw,Normal,Female,Health and beauty,10.99,5,2.7475,57.6975,1/23/2019,10:18,Credit card,54.95,4.761904762,2.7475,9.3,1
788,704-10-4056,C,Naypyitaw,Member,Male,Health and beauty,60.47,3,9.0705,190.4805,1/14/2019,10:55,Credit card,181.41,4.761904762,9.0705,5.6,1
789,497-37-6538,A,Yangon,Normal,Male,Sports and travel,58.91,7,20.6185,432.9885,1/17/2019,15:15,Ewallet,412.37,4.761904762,20.6185,9.7,1
791,400-80-4065,C,Naypyitaw,Member,Male,Health and beauty,68.55,4,13.71,287.91,2/15/2019,20:21,Credit card,274.2,4.761904762,13.71,9.2,2
792,744-16-7898,B,Mandalay,Normal,Female,Home and lifestyle,97.37,10,48.685,1022.385,1/15/2019,13:48,Credit card,973.7,4.761904762,48.685,4.9,1
793,263-12-5321,A,Yangon,Member,Male,Electronic accessories,92.6,7,32.41,680.61,2/27/2019,12:52,Credit card,648.2,4.761904762,32.41,9.3,2
794,702-72-0487,A,Yangon,Normal,Female,Electronic accessories,46.61,2,4.661,97.881,2/26/2019,12:28,Credit card,93.22,4.761904762,4.661,6.6,2
796,443-60-9639,C,Naypyitaw,Member,Female,Home and lifestyle,60.87,1,3.0435,63.9135,1/24/2019,13:24,Cash,60.87,4.761904762,3.0435,5.5,1
797,864-24-7918,A,Yangon,Member,Female,Sports and travel,24.49,10,12.245,257.145,2/22/2019,15:15,Cash,244.9,4.761904762,12.245,8.1,2
799,401-09-4232,C,Naypyitaw,Member,Male,Home and lifestyle,86.69,5,21.6725,455.1225,2/11/2019,18:38,Ewallet,433.45,4.761904762,21.6725,9.4,2
800,751-15-6198,B,Mandalay,Normal,Male,Sports and travel,23.01,6,6.903,144.963,1/12/2019,16:45,Ewallet,138.06,4.761904762,6.903,7.9,1
804,831-81-6575,B,Mandalay,Member,Female,Electronic accessories,75.59,9,34.0155,714.3255,2/23/2019,11:12,Cash,680.31,4.761904762,34.0155,8.0,2
806,618-34-8551,A,Yangon,Normal,Female,Sports and travel,93.18,2,9.318,195.678,1/16/2019,18:41,Credit card,186.36,4.761904762,9.318,8.5,1
807,257-60-7754,A,Yangon,Normal,Female,Electronic accessories,50.23,4,10.046,210.966,1/8/2019,17:12,Cash,200.92,4.761904762,10.046,9.0,1
808,559-61-5987,B,Mandalay,Normal,Female,Health and beauty,17.75,1,0.8875,18.6375,1/14/2019,10:38,Cash,17.75,4.761904762,0.8875,8.6,1
809,189-55-2313,C,Naypyitaw,Normal,Female,Fashion accessories,62.18,10,31.09,652.89,1/31/2019,10:33,Ewallet,621.8,4.761904762,31.09,6.0,1
811,380-60-5336,A,Yangon,Normal,Female,Electronic accessories,40.26,10,20.13,422.73,2/24/2019,18:06,Credit card,402.6,4.761904762,20.13,5.0,2
812,815-04-6282,C,Naypyitaw,Member,Female,Sports and travel,64.97,5,16.2425,341.0925,2/8/2019,12:52,Credit card,324.85,4.761904762,16.2425,6.5,2
814,778-34-2523,A,Yangon,Member,Female,Electronic accessories,48.62,8,19.448,408.408,1/24/2019,10:57,Cash,388.96,4.761904762,19.448,5.0,1
816,477-59-2456,C,Naypyitaw,Normal,Female,Fashion accessories,45.44,7,15.904,333.984,1/23/2019,11:15,Cash,318.08,4.761904762,15.904,9.2,1
817,832-51-6761,A,Yangon,Normal,Male,Food and beverages,33.88,8,13.552,284.592,1/19/2019,20:29,Ewallet,271.04,4.761904762,13.552,9.6,1
818,869-11-3082,B,Mandalay,Member,Male,Health and beauty,96.16,4,19.232,403.872,1/27/2019,20:03,Credit card,384.64,4.761904762,19.232,8.4,1
819,190-59-3964,B,Mandalay,Member,Male,Food and beverages,47.16,5,11.79,247.59,2/3/2019,14:35,Credit card,235.8,4.761904762,11.79,6.0,2
821,186-43-8965,A,Yangon,Member,Female,Home and lifestyle,47.68,2,4.768,100.128,2/24/2019,10:10,Credit card,95.36,4.761904762,4.768,4.1,2
822,784-21-9238,C,Naypyitaw,Member,Male,Sports and travel,10.17,1,0.5085,10.6785,2/7/2019,14:15,Cash,10.17,4.761904762,0.5085,5.9,2
824,109-86-4363,B,Mandalay,Member,Female,Sports and travel,60.08,7,21.028,441.588,2/14/2019,11:36,Credit card,420.56,4.761904762,21.028,4.5,2
825,569-76-2760,A,Yangon,Member,Female,Sports and travel,22.01,4,4.402,92.442,1/29/2019,18:15,Credit card,88.04,4.761904762,4.402,6.6,1
826,222-42-0244,B,Mandalay,Member,Female,Health and beauty,72.11,9,32.4495,681.4395,1/28/2019,13:53,Credit card,648.99,4.761904762,32.4495,7.7,1
829,416-17-9926,A,Yangon,Member,Female,Electronic accessories,74.22,10,37.11,779.31,1/1/2019,14:42,Credit card,742.2,4.761904762,37.11,4.3,1
830,237-44-6163,A,Yangon,Normal,Male,Electronic accessories,10.56,8,4.224,88.704,1/24/2019,17:43,Cash,84.48,4.761904762,4.224,7.6,1
831,636-17-0325,B,Mandalay,Normal,Male,Health and beauty,62.57,4,12.514,262.794,2/25/2019,18:37,Cash,250.28,4.761904762,12.514,9.5,2
832,343-75-9322,B,Mandalay,Member,Female,Sports and travel,11.85,8,4.74,99.54,1/9/2019,16:34,Cash,94.8,4.761904762,4.74,4.1,1
833,528-14-9470,A,Yangon,Member,Male,Health and beauty,91.3,1,4.565,95.865,2/14/2019,14:42,Ewallet,91.3,4.761904762,4.565,9.2,2
836,288-62-1085,A,Yangon,Member,Male,Fashion accessories,38.54,5,9.635,202.335,1/9/2019,13:34,Ewallet,192.7,4.761904762,9.635,5.6,1
837,670-71-7306,B,Mandalay,Normal,Male,Sports and travel,44.63,6,13.389,281.169,1/2/2019,20:08,Credit card,267.78,4.761904762,13.389,5.1,1
838,660-29-7083,C,Naypyitaw,Normal,Male,Electronic accessories,55.87,10,27.935,586.635,1/15/2019,15:01,Cash,558.7,4.761904762,27.935,5.8,1
839,271-77-8740,C,Naypyitaw,Member,Female,Sports and travel,29.22,6,8.766,184.086,1/1/2019,11:40,Ewallet,175.32,4.761904762,8.766,5.0,1
840,497-36-0989,A,Yangon,Normal,Male,Fashion accessories,51.94,3,7.791,163.611,2/15/2019,15:21,Cash,155.82,4.761904762,7.791,7.9,2
841,291-59-1384,B,Mandalay,Normal,Male,Electronic accessories,60.3,1,3.015,63.315,2/28/2019,17:38,Cash,60.3,4.761904762,3.015,6.0,2
843,549-23-9016,C,Naypyitaw,Member,Female,Food and beverages,14.87,2,1.487,31.227,2/13/2019,18:15,Credit card,29.74,4.761904762,1.487,8.9,2
844,896-34-0956,A,Yangon,Normal,Male,Fashion accessories,21.32,1,1.066,22.386,1/26/2019,12:43,Cash,21.32,4.761904762,1.066,5.9,1
845,804-38-3935,A,Yangon,Member,Male,Electronic accessories,93.78,3,14.067,295.407,1/30/2019,11:32,Credit card,281.34,4.761904762,14.067,5.9,1
846,585-90-0249,A,Yangon,Member,Male,Electronic accessories,73.26,1,3.663,76.923,1/27/2019,18:08,Ewallet,73.26,4.761904762,3.663,9.7,1
847,862-29-5914,C,Naypyitaw,Normal,Female,Sports and travel,22.38,1,1.119,23.499,1/30/2019,17:08,Credit card,22.38,4.761904762,1.119,8.6,1
848,845-94-6841,C,Naypyitaw,Member,Female,Food and beverages,72.88,9,32.796,688.716,1/8/2019,19:38,Cash,655.92,4.761904762,32.796,4.0,1
849,125-45-2293,A,Yangon,Normal,Female,Fashion accessories,99.1,6,29.73,624.33,1/19/2019,13:11,Cash,594.6,4.761904762,29.73,4.2,1
850,843-73-4724,A,Yangon,Normal,Male,Fashion accessories,74.1,1,3.705,77.805,1/25/2019,11:05,Cash,74.1,4.761904762,3.705,9.2,1
851,409-33-9708,A,Yangon,Normal,Female,Fashion accessories,98.48,2,9.848,206.808,2/19/2019,10:12,Ewallet,196.96,4.761904762,9.848,9.2,2
852,658-66-3967,C,Naypyitaw,Normal,Male,Health and beauty,53.19,7,18.6165,390.9465,1/14/2019,15:42,Ewallet,372.33,4.761904762,18.6165,5.0,1
853,866-70-2814,B,Mandalay,Normal,Female,Electronic accessories,52.79,10,26.395,554.295,2/25/2019,11:58,Ewallet,527.9,4.761904762,26.395,10.0,2
854,160-22-2687,A,Yangon,Member,Female,Health and beauty,95.95,5,23.9875,503.7375,1/23/2019,14:21,Ewallet,479.75,4.761904762,23.9875,8.8,1
855,895-03-6665,B,Mandalay,Normal,Female,Fashion accessories,36.51,9,16.4295,345.0195,2/16/2019,10:52,Cash,328.59,4.761904762,16.4295,4.2,2
856,770-42-8960,B,Mandalay,Normal,Male,Food and beverages,21.12,8,8.448,177.408,1/1/2019,19:31,Cash,168.96,4.761904762,8.448,6.3,1
858,234-36-2483,B,Mandalay,Normal,Male,Health and beauty,57.59,6,17.277,362.817,2/15/2019,13:51,Cash,345.54,4.761904762,17.277,5.1,2
859,316-66-3011,A,Yangon,Member,Female,Food and beverages,47.63,9,21.4335,450.1035,1/23/2019,12:35,Cash,428.67,4.761904762,21.4335,5.0,1
860,848-95-6252,C,Naypyitaw,Member,Female,Home and lifestyle,86.27,1,4.3135,90.5835,2/20/2019,13:24,Ewallet,86.27,4.761904762,4.3135,7.0,2
861,840-76-5966,A,Yangon,Member,Male,Sports and travel,12.76,2,1.276,26.796,1/8/2019,18:06,Ewallet,25.52,4.761904762,1.276,7.8,1
863,533-66-5566,B,Mandalay,Normal,Female,Home and lifestyle,51.07,7,17.8745,375.3645,1/12/2019,11:42,Cash,357.49,4.761904762,17.8745,7.0,1
864,124-31-1458,A,Yangon,Member,Female,Electronic accessories,79.59,3,11.9385,250.7085,1/8/2019,14:30,Cash,238.77,4.761904762,11.9385,6.6,1
865,176-78-1170,C,Naypyitaw,Member,Male,Health and beauty,33.81,3,5.0715,106.5015,1/26/2019,15:11,Ewallet,101.43,4.761904762,5.0715,7.3,1
867,101-81-4070,C,Naypyitaw,Member,Female,Health and beauty,62.82,2,6.282,131.922,1/17/2019,12:36,Ewallet,125.64,4.761904762,6.282,4.9,1
868,631-34-1880,C,Naypyitaw,Member,Male,Food and beverages,24.31,3,3.6465,76.5765,1/8/2019,19:09,Credit card,72.93,4.761904762,3.6465,4.3,1
869,852-82-2749,A,Yangon,Normal,Male,Sports and travel,64.59,4,12.918,271.278,1/6/2019,13:35,Ewallet,258.36,4.761904762,12.918,9.3,1
870,873-14-6353,A,Yangon,Member,Male,Food and beverages,24.82,7,8.687,182.427,2/16/2019,10:33,Credit card,173.74,4.761904762,8.687,7.1,2
872,544-55-9589,B,Mandalay,Member,Female,Electronic accessories,21.43,10,10.715,225.015,1/28/2019,11:51,Cash,214.3,4.761904762,10.715,6.2,1
873,166-19-2553,A,Yangon,Member,Male,Sports and travel,89.06,6,26.718,561.078,1/18/2019,17:26,Cash,534.36,4.761904762,26.718,9.9,1
876,885-56-0389,C,Naypyitaw,Member,Male,Fashion accessories,52.35,1,2.6175,54.9675,2/12/2019,17:49,Cash,52.35,4.761904762,2.6175,4.0,2
877,608-05-3804,B,Mandalay,Member,Male,Electronic accessories,39.75,1,1.9875,41.7375,2/25/2019,20:19,Cash,39.75,4.761904762,1.9875,6.1,2
879,761-49-0439,B,Mandalay,Member,Female,Electronic accessories,12.1,8,4.84,101.64,1/19/2019,10:17,Ewallet,96.8,4.761904762,4.84,8.6,1
880,490-95-0021,B,Mandalay,Member,Female,Food and beverages,33.21,10,16.605,348.705,1/8/2019,14:25,Ewallet,332.1,4.761904762,16.605,6.0,1
882,311-13-6971,B,Mandalay,Member,Male,Sports and travel,31.99,10,15.995,335.895,2/20/2019,15:18,Credit card,319.9,4.761904762,15.995,9.9,2
885,460-93-5834,A,Yangon,Normal,Male,Sports and travel,45.58,7,15.953,335.013,1/13/2019,10:03,Cash,319.06,4.761904762,15.953,5.0,1
886,325-89-4209,A,Yangon,Member,Male,Food and beverages,87.9,1,4.395,92.295,2/5/2019,19:42,Ewallet,87.9,4.761904762,4.395,6.7,2
890,389-70-2397,C,Naypyitaw,Normal,Female,Health and beauty,83.66,5,20.915,439.215,2/21/2019,10:26,Cash,418.3,4.761904762,20.915,7.2,2
891,114-35-5271,B,Mandalay,Normal,Female,Electronic accessories,57.91,8,23.164,486.444,2/7/2019,15:06,Cash,463.28,4.761904762,23.164,8.1,2
894,811-35-1094,B,Mandalay,Member,Male,Electronic accessories,50.45,6,15.135,317.835,2/6/2019,15:16,Credit card,302.7,4.761904762,15.135,8.9,2
895,699-88-1972,B,Mandalay,Normal,Male,Health and beauty,99.16,8,39.664,832.944,1/28/2019,17:47,Credit card,793.28,4.761904762,39.664,4.2,1
896,781-84-8059,C,Naypyitaw,Normal,Male,Fashion accessories,60.74,7,21.259,446.439,1/18/2019,16:23,Ewallet,425.18,4.761904762,21.259,5.0,1
897,409-49-6995,C,Naypyitaw,Member,Female,Food and beverages,47.27,6,14.181,297.801,2/5/2019,10:17,Cash,283.62,4.761904762,14.181,8.8,2
899,146-09-5432,A,Yangon,Member,Male,Food and beverages,35.04,9,15.768,331.128,2/9/2019,19:17,Ewallet,315.36,4.761904762,15.768,4.6,2
900,377-79-7592,C,Naypyitaw,Member,Female,Electronic accessories,44.84,9,20.178,423.738,1/14/2019,14:00,Credit card,403.56,4.761904762,20.178,7.5,1
901,509-10-0516,B,Mandalay,Normal,Male,Home and lifestyle,45.97,4,9.194,193.074,2/9/2019,12:02,Ewallet,183.88,4.761904762,9.194,5.1,2
903,865-41-9075,A,Yangon,Normal,Male,Food and beverages,11.53,7,4.0355,84.7455,1/28/2019,17:35,Cash,80.71,4.761904762,4.0355,8.1,1
904,545-07-8534,C,Naypyitaw,Normal,Female,Health and beauty,58.32,2,5.832,122.472,2/14/2019,12:42,Ewallet,116.64,4.761904762,5.832,6.0,2
906,450-42-3339,C,Naypyitaw,Normal,Male,Health and beauty,84.61,10,42.305,888.405,2/9/2019,18:58,Credit card,846.1,4.761904762,42.305,8.8,2
909,624-01-8356,B,Mandalay,Normal,Female,Home and lifestyle,49.01,10,24.505,514.605,1/27/2019,10:44,Credit card,490.1,4.761904762,24.505,4.2,1
911,151-27-8496,C,Naypyitaw,Normal,Female,Electronic accessories,56.13,4,11.226,235.746,1/19/2019,11:43,Ewallet,224.52,4.761904762,11.226,8.6,1
912,453-33-6436,A,Yangon,Normal,Female,Home and lifestyle,93.12,8,37.248,782.208,2/7/2019,10:09,Cash,744.96,4.761904762,37.248,6.8,2
913,522-57-8364,A,Yangon,Member,Male,Fashion accessories,51.34,8,20.536,431.256,1/31/2019,10:00,Ewallet,410.72,4.761904762,20.536,7.6,1
914,459-45-2396,A,Yangon,Member,Female,Food and beverages,99.6,3,14.94,313.74,2/25/2019,18:45,Cash,298.8,4.761904762,14.94,5.8,2
915,717-96-4189,C,Naypyitaw,Normal,Female,Electronic accessories,35.49,6,10.647,223.587,2/2/2019,12:40,Cash,212.94,4.761904762,10.647,4.1,2
918,777-67-2495,B,Mandalay,Normal,Male,Home and lifestyle,68.97,3,10.3455,217.2555,2/22/2019,11:26,Ewallet,206.91,4.761904762,10.3455,8.7,2
921,181-82-6255,B,Mandalay,Normal,Female,Home and lifestyle,16.37,6,4.911,103.131,2/8/2019,10:58,Cash,98.22,4.761904762,4.911,7.0,2
922,838-02-1821,C,Naypyitaw,Member,Female,Home and lifestyle,12.73,2,1.273,26.733,2/22/2019,12:10,Credit card,25.46,4.761904762,1.273,5.2,2
923,887-42-0517,C,Naypyitaw,Normal,Female,Sports and travel,83.14,7,29.099,611.079,1/10/2019,10:31,Credit card,581.98,4.761904762,29.099,6.6,1
925,226-34-0034,B,Mandalay,Normal,Female,Electronic accessories,13.78,4,2.756,57.876,1/10/2019,11:10,Ewallet,55.12,4.761904762,2.756,9.0,1
926,321-49-7382,B,Mandalay,Member,Male,Sports and travel,88.31,1,4.4155,92.7255,2/15/2019,17:38,Credit card,88.31,4.761904762,4.4155,5.2,2
927,397-25-8725,A,Yangon,Member,Female,Health and beauty,39.62,9,17.829,374.409,1/13/2019,17:54,Credit card,356.58,4.761904762,17.829,6.8,1
928,431-66-2305,B,Mandalay,Normal,Female,Electronic accessories,88.25,9,39.7125,833.9625,2/15/2019,20:51,Credit card,794.25,4.761904762,39.7125,7.6,2
931,756-93-1854,C,Naypyitaw,Member,Female,Fashion accessories,83.35,2,8.335,175.035,2/2/2019,14:05,Credit card,166.7,4.761904762,8.335,9.5,2
932,243-55-8457,A,Yangon,Normal,Female,Food and beverages,74.44,10,37.22,781.62,2/27/2019,11:40,Ewallet,744.4,4.761904762,37.22,5.1,2
933,458-10-8612,C,Naypyitaw,Normal,Male,Health and beauty,64.08,7,22.428,470.988,1/20/2019,12:27,Ewallet,448.56,4.761904762,22.428,7.6,1
934,501-61-1753,B,Mandalay,Normal,Female,Home and lifestyle,63.15,6,18.945,397.845,1/3/2019,20:24,Ewallet,378.9,4.761904762,18.945,9.8,1
935,235-06-8510,C,Naypyitaw,Member,Male,Home and lifestyle,85.72,3,12.858,270.018,1/24/2019,20:59,Ewallet,257.16,4.761904762,12.858,5.1,1
936,433-08-7822,C,Naypyitaw,Normal,Female,Health and beauty,78.89,7,27.6115,579.8415,1/5/2019,19:48,Ewallet,552.23,4.761904762,27.6115,7.5,1
938,131-70-8179,A,Yangon,Member,Female,Health and beauty,92.09,3,13.8135,290.0835,2/17/2019,16:27,Cash,276.27,4.761904762,13.8135,4.2,2
942,809-69-9497,A,Yangon,Normal,Female,Home and lifestyle,45.68,10,22.84,479.64,1/19/2019,19:30,Ewallet,456.8,4.761904762,22.84,5.7,1
943,449-16-6770,A,Yangon,Normal,Male,Health and beauty,50.79,5,12.6975,266.6475,2/19/2019,14:53,Credit card,253.95,4.761904762,12.6975,5.3,2
945,489-82-1237,A,Yangon,Normal,Female,Electronic accessories,93.88,7,32.858,690.018,1/5/2019,11:51,Credit card,657.16,4.761904762,32.858,7.3,1
947,676-10-2200,B,Mandalay,Member,Male,Fashion accessories,53.78,1,2.689,56.469,2/3/2019,20:13,Ewallet,53.78,4.761904762,2.689,4.7,2
948,373-88-1424,C,Naypyitaw,Member,Male,Home and lifestyle,35.81,5,8.9525,188.0025,2/6/2019,18:44,Ewallet,179.05,4.761904762,8.9525,7.9,2
949,365-16-4334,B,Mandalay,Normal,Female,Food and beverages,26.43,8,10.572,222.012,2/24/2019,14:26,Ewallet,211.44,4.761904762,10.572,8.9,2
950,503-21-4385,B,Mandalay,Member,Male,Health and beauty,39.91,3,5.9865,125.7165,2/21/2019,12:40,Ewallet,119.73,4.761904762,5.9865,9.3,2
951,305-89-2768,B,Mandalay,Member,Female,Home and lifestyle,21.9,3,3.285,68.985,1/9/2019,18:43,Ewallet,65.7,4.761904762,3.285,4.7,1
952,574-80-1489,B,Mandalay,Member,Female,Food and beverages,62.85,4,12.57,263.97,2/25/2019,13:22,Ewallet,251.4,4.761904762,12.57,8.7,2
953,784-08-0310,C,Naypyitaw,Member,Female,Food and beverages,21.04,4,4.208,88.368,1/13/2019,13:58,Cash,84.16,4.761904762,4.208,7.6,1
954,200-40-6154,B,Mandalay,Member,Male,Home and lifestyle,65.91,6,19.773,415.233,2/9/2019,11:45,Cash,395.46,4.761904762,19.773,5.7,2
955,846-10-0341,A,Yangon,Normal,Female,Fashion accessories,42.57,7,14.8995,312.8895,1/6/2019,11:51,Cash,297.99,4.761904762,14.8995,6.8,1
956,577-34-7579,C,Naypyitaw,Member,Male,Food and beverages,50.49,9,22.7205,477.1305,1/10/2019,17:16,Cash,454.41,4.761904762,22.7205,5.4,1
957,430-02-3888,B,Mandalay,Normal,Male,Electronic accessories,46.02,6,13.806,289.926,2/7/2019,15:55,Cash,276.12,4.761904762,13.806,7.1,2
958,867-47-1948,C,Naypyitaw,Normal,Female,Home and lifestyle,15.8,10,7.9,165.9,1/9/2019,12:07,Cash,158.0,4.761904762,7.9,7.8,1
959,384-59-6655,A,Yangon,Member,Female,Food and beverages,98.66,9,44.397,932.337,2/19/2019,15:07,Cash,887.94,4.761904762,44.397,8.4,2
961,324-92-3863,A,Yangon,Member,Male,Electronic accessories,20.89,2,2.089,43.869,2/5/2019,18:45,Cash,41.78,4.761904762,2.089,9.8,2
964,794-42-3736,B,Mandalay,Normal,Male,Food and beverages,33.33,2,3.333,69.993,1/26/2019,14:41,Credit card,66.66,4.761904762,3.333,6.4,1
967,195-06-0432,A,Yangon,Member,Male,Home and lifestyle,81.01,3,12.1515,255.1815,1/13/2019,12:55,Credit card,243.03,4.761904762,12.1515,9.3,1
970,746-04-1077,B,Mandalay,Member,Female,Food and beverages,84.63,10,42.315,888.615,1/1/2019,11:36,Credit card,846.3,4.761904762,42.315,9.0,1
971,448-34-8700,B,Mandalay,Member,Male,Home and lifestyle,36.91,7,12.9185,271.2885,2/10/2019,13:51,Ewallet,258.37,4.761904762,12.9185,6.7,2
972,452-04-8808,B,Mandalay,Normal,Male,Electronic accessories,87.08,7,30.478,640.038,1/26/2019,15:17,Cash,609.56,4.761904762,30.478,5.5,1
973,531-56-4728,A,Yangon,Normal,Male,Home and lifestyle,80.08,3,12.012,252.252,2/11/2019,15:29,Cash,240.24,4.761904762,12.012,5.4,2
974,744-82-9138,C,Naypyitaw,Normal,Male,Fashion accessories,86.13,2,8.613,180.873,2/7/2019,17:59,Cash,172.26,4.761904762,8.613,8.2,2
977,518-71-6847,B,Mandalay,Member,Male,Food and beverages,26.6,6,7.98,167.58,2/26/2019,15:10,Ewallet,159.6,4.761904762,7.98,4.9,2
979,151-33-7434,B,Mandalay,Normal,Female,Food and beverages,67.77,1,3.3885,71.1585,2/4/2019,20:43,Credit card,67.77,4.761904762,3.3885,6.5,2
980,728-47-9078,C,Naypyitaw,Member,Male,Food and beverages,59.59,4,11.918,250.278,1/19/2019,12:46,Cash,238.36,4.761904762,11.918,9.8,1
981,809-46-1866,A,Yangon,Normal,Male,Health and beauty,58.15,4,11.63,244.23,1/23/2019,17:44,Cash,232.6,4.761904762,11.63,8.4,1
983,148-41-7930,C,Naypyitaw,Normal,Male,Health and beauty,99.96,7,34.986,734.706,1/23/2019,10:33,Cash,699.72,4.761904762,34.986,6.1,1
984,189-40-5216,C,Naypyitaw,Normal,Male,Electronic accessories,96.37,7,33.7295,708.3195,1/9/2019,11:40,Cash,674.59,4.761904762,33.7295,6.0,1
985,374-38-5555,B,Mandalay,Normal,Female,Fashion accessories,63.71,5,15.9275,334.4775,2/7/2019,19:30,Ewallet,318.55,4.761904762,15.9275,8.5,2
986,764-44-8999,B,Mandalay,Normal,Female,Health and beauty,14.76,2,1.476,30.996,2/18/2019,14:42,Ewallet,29.52,4.761904762,1.476,4.3,2
987,552-44-5977,B,Mandalay,Member,Male,Health and beauty,62.0,8,24.8,520.8,1/3/2019,19:08,Credit card,496.0,4.761904762,24.8,6.2,1
989,430-53-4718,B,Mandalay,Member,Male,Health and beauty,75.37,8,30.148,633.108,1/28/2019,15:46,Credit card,602.96,4.761904762,30.148,8.4,1
991,602-16-6955,B,Mandalay,Normal,Female,Sports and travel,76.6,10,38.3,804.3,1/24/2019,18:10,Ewallet,766.0,4.761904762,38.3,6.0,1
993,690-01-6631,B,Mandalay,Normal,Male,Fashion accessories,17.49,10,8.745,183.645,2/22/2019,18:35,Ewallet,174.9,4.761904762,8.745,6.6,2
994,652-49-6720,C,Naypyitaw,Member,Female,Electronic accessories,60.95,1,3.0475,63.9975,2/18/2019,11:40,Ewallet,60.95,4.761904762,3.0475,5.9,2
995,233-67-5758,C,Naypyitaw,Normal,Male,Health and beauty,40.35,1,2.0175,42.3675,1/29/2019,13:46,Ewallet,40.35,4.761904762,2.0175,6.2,1
997,727-02-1313,A,Yangon,Member,Male,Food and beverages,31.84,1,1.592,33.432,2/9/2019,13:22,Cash,31.84,4.761904762,1.592,7.7,2
998,347-56-2442,A,Yangon,Normal,Male,Home and lifestyle,65.82,1,3.291,69.111,2/22/2019,15:33,Cash,65.82,4.761904762,3.291,4.1,2
999,849-09-3807,A,Yangon,Member,Female,Fashion accessories,88.34,7,30.919,649.299,2/18/2019,13:28,Cash,618.38,4.761904762,30.919,6.6,2
